Title,"Release Date","IMDb Url",Format,Distributor,"Added Date"
"'Allo 'Allo!: Complete Series 1 & 2",1982,https://www.imdb.com/title/tt0086659/?ref_=ref_ext_clz,DVD,Universal,"Mar 10, 2026"
"'Allo 'Allo: Complete Series 3 & 4",1982,https://www.imdb.com/title/tt0086659/?ref_=ref_ext_clz,DVD,,"Mar 10, 2026"
"12 Rounds",2009,https://www.imdb.com/title/tt1160368/?ref_=ref_ext_clz,DVD,"20th Century Fox","Mar 29, 2026"
"17 Again",2009,https://www.imdb.com/title/tt0974661/?ref_=ref_ext_clz,DVD,"New Line Cinema","Mar 30, 2026"
21,2008,https://www.imdb.com/title/tt0478087/?ref_=ref_ext_clz,DVD,Sony,"Mar 15, 2026"
"21 Jump Street",2012,https://www.imdb.com/title/tt1232829/?ref_=ref_ext_clz,DVD,Sony,"Mar 30, 2026"
"24: Season 1",2002,https://www.imdb.com/title/tt0285331/?ref_=ref_ext_clz,DVD,"20th Century Fox","Mar 10, 2026"
"24: Season 3",2004,https://www.imdb.com/title/tt0285331/?ref_=ref_ext_clz,DVD,"20th Century Fox","Mar 10, 2026"
"24: Season 6",2007,https://www.imdb.com/title/tt0285331/?ref_=ref_ext_clz,DVD,"20th Century Fox","Mar 10, 2026"
"24: Season 7",2009,https://www.imdb.com/title/tt0285331/?ref_=ref_ext_clz,DVD,"20th Century Fox","Mar 10, 2026"
300,2006,https://www.imdb.com/title/tt0416449/?ref_=ref_ext_clz,DVD,"Warner Bros.","Mar 10, 2026"
300,2006,https://www.imdb.com/title/tt0416449/?ref_=ref_ext_clz,DVD,"Warner Bros.","Mar 29, 2026"
"The 40-Year-Old Virgin",2005,https://www.imdb.com/title/tt0405422/?ref_=ref_ext_clz,DVD,Universal,"Mar 29, 2026"
"50 First Dates",2004,https://www.imdb.com/title/tt0343660/?ref_=ref_ext_clz,DVD,"Columbia TriStar Home Entertainment","Mar 16, 2026"
"50 First Dates",2004,https://www.imdb.com/title/tt0343660/?ref_=ref_ext_clz,DVD,"Columbia TriStar Home Entertainment","Mar 16, 2026"
"90210: Season 1",2008,https://www.imdb.com/title/tt1225901/?ref_=ref_ext_clz,DVD,,"Mar 15, 2026"
Abigail,2019,https://www.imdb.com/title/tt7025388/?ref_=ref_ext_clz,DVD,,"Mar 05, 2026"
"About a Boy",2002,https://www.imdb.com/title/tt0276751/?ref_=ref_ext_clz,DVD,Universal,"Mar 12, 2026"
"About a Boy",2002,https://www.imdb.com/title/tt0276751/?ref_=ref_ext_clz,DVD,Universal,"Mar 15, 2026"
"About Schmidt",2002,https://www.imdb.com/title/tt0257360/?ref_=ref_ext_clz,DVD,"Entertainment In Video","Mar 12, 2026"
"Ad Astra",2019,https://www.imdb.com/title/tt2935510/?ref_=ref_ext_clz,DVD,"20th Century Fox","Mar 29, 2026"
"The Adventures of Sharkboy and Lavagirl 3-D",2005,https://www.imdb.com/title/tt0424774/?ref_=ref_ext_clz,DVD,,"Mar 30, 2026"
Aladdin,2019,https://www.imdb.com/title/tt6139732/?ref_=ref_ext_clz,DVD,"Walt Disney","Mar 15, 2026"
"Alice in Wonderland",1999,https://www.imdb.com/title/tt0164993/?ref_=ref_ext_clz,DVD,,"Mar 29, 2026"
"Alien / Predator: Total Destruction Collection",2008,,DVD,,"Mar 05, 2026"
"Alien vs. Predator",2004,https://www.imdb.com/title/tt0370263/?ref_=ref_ext_clz,DVD,"20th Century Fox","Mar 05, 2026"
Allelujah,2022,https://www.imdb.com/title/tt15765412/?ref_=ref_ext_clz,DVD,,"Mar 05, 2026"
"Alvin and the Chipmunks",2007,https://www.imdb.com/title/tt0952640/?ref_=ref_ext_clz,DVD,,"Mar 30, 2026"
"American Beauty",1999,https://www.imdb.com/title/tt0169547/?ref_=ref_ext_clz,DVD,,"Mar 29, 2026"
"American Dad!: Season 2",2006,https://www.imdb.com/title/tt0397306/?ref_=ref_ext_clz,DVD,"20th Century Fox","Mar 05, 2026"
"American Pie",1999,https://www.imdb.com/title/tt0163651/?ref_=ref_ext_clz,DVD,Universal,"Mar 15, 2026"
"American Pie",1999,https://www.imdb.com/title/tt0163651/?ref_=ref_ext_clz,DVD,Universal,"Mar 16, 2026"
"American Pie",1999,https://www.imdb.com/title/tt0163651/?ref_=ref_ext_clz,DVD,Universal,"Mar 16, 2026"
"American Pie",1999,https://www.imdb.com/title/tt0163651/?ref_=ref_ext_clz,DVD,Universal,"Mar 29, 2026"
"American Reunion",2012,https://www.imdb.com/title/tt1605630/?ref_=ref_ext_clz,DVD,,"Mar 29, 2026"
"American Pie Presents: The Book of Love",2009,https://www.imdb.com/title/tt1407050/?ref_=ref_ext_clz,DVD,Universal,"Mar 16, 2026"
"Anchorman: The Legend of Ron Burgundy",2004,https://www.imdb.com/title/tt0357413/?ref_=ref_ext_clz,DVD,"DreamWorks Home Entertainment","Mar 16, 2026"
"Anchorman: The Legend of Ron Burgundy",2004,https://www.imdb.com/title/tt0357413/?ref_=ref_ext_clz,DVD,,"Mar 30, 2026"
"And Now for Something Completely Different",1971,https://www.imdb.com/title/tt0066765/?ref_=ref_ext_clz,DVD,"Columbia TriStar Home Entertainment","Mar 16, 2026"
"Anger Management",2003,https://www.imdb.com/title/tt0305224/?ref_=ref_ext_clz,DVD,Sony,"Mar 29, 2026"
Apocalypto,2006,https://www.imdb.com/title/tt0472043/?ref_=ref_ext_clz,DVD,,"Mar 10, 2026"
"Are We There Yet?",2005,https://www.imdb.com/title/tt0368578/?ref_=ref_ext_clz,DVD,,"Mar 05, 2026"
"Arrested Development: Season 2",2004,https://www.imdb.com/title/tt0367279/?ref_=ref_ext_clz,DVD,,"Mar 05, 2026"
"As Good as It Gets",1997,https://www.imdb.com/title/tt0119822/?ref_=ref_ext_clz,DVD,Sony,"Mar 29, 2026"
"The Avengers",2012,https://www.imdb.com/title/tt0848228/?ref_=ref_ext_clz,DVD,,"Mar 29, 2026"
"The Back-up Plan",2010,https://www.imdb.com/title/tt1212436/?ref_=ref_ext_clz,DVD,Sony,"Mar 05, 2026"
"Bad Boys / Bad Boys II",2003,,DVD,Sony,"Mar 29, 2026"
"The Bad Education Movie",2015,https://www.imdb.com/title/tt4660980/?ref_=ref_ext_clz,DVD,,"Mar 12, 2026"
"A Bad Moms Christmas",2017,https://www.imdb.com/title/tt6359956/?ref_=ref_ext_clz,DVD,,"Mar 16, 2026"
"Bad Teacher / Easy A / Superbad",,,DVD,,"Mar 16, 2026"
"Balls of Fury",2007,https://www.imdb.com/title/tt0424823/?ref_=ref_ext_clz,DVD,Universal,"Mar 30, 2026"
"The Bank Job",2008,https://www.imdb.com/title/tt0200465/?ref_=ref_ext_clz,DVD,"Lion's Gate Home Entertainment","Mar 29, 2026"
"Barbershop 2: Back in Business",2004,https://www.imdb.com/title/tt0337579/?ref_=ref_ext_clz,DVD,,"Mar 05, 2026"
"Batman Begins",2005,https://www.imdb.com/title/tt0372784/?ref_=ref_ext_clz,DVD,"Warner Bros.","Mar 29, 2026"
"Batman Begins",2005,https://www.imdb.com/title/tt0372784/?ref_=ref_ext_clz,DVD,"Warner Bros.","Mar 29, 2026"
Battleship,2012,https://www.imdb.com/title/tt1440129/?ref_=ref_ext_clz,DVD,Universal,"Mar 05, 2026"
"BBC Great Comedy Moments",2001,,DVD,,"Mar 29, 2026"
"A Beautiful Mind",2001,https://www.imdb.com/title/tt0268978/?ref_=ref_ext_clz,DVD,,"Mar 29, 2026"
"Beauty and the Beast",2017,https://www.imdb.com/title/tt2771200/?ref_=ref_ext_clz,DVD,"Walt Disney","Mar 30, 2026"
"Being Human: Series 1-2",2008,https://www.imdb.com/title/tt1349938/?ref_=ref_ext_clz,DVD,,"Mar 15, 2026"
"The BFG",1989,https://www.imdb.com/title/tt0096866/?ref_=ref_ext_clz,DVD,,"Mar 15, 2026"
"The BFG",1989,https://www.imdb.com/title/tt0096866/?ref_=ref_ext_clz,DVD,,"Mar 29, 2026"
"The Big Bang Theory: Season 1",2007,https://www.imdb.com/title/tt0898266/?ref_=ref_ext_clz,DVD,"Warner Bros.","Mar 12, 2026"
"The Big Bang Theory: Season 1-6",2007,https://www.imdb.com/title/tt0898266/?ref_=ref_ext_clz,DVD,,"Mar 10, 2026"
"The Big Bang Theory: Season 5",2011,https://www.imdb.com/title/tt0898266/?ref_=ref_ext_clz,DVD,"Warner Bros.","Mar 12, 2026"
"Big Daddy",1999,https://www.imdb.com/title/tt0142342/?ref_=ref_ext_clz,DVD,"Columbia TriStar","Mar 15, 2026"
"Big Daddy",1999,https://www.imdb.com/title/tt0142342/?ref_=ref_ext_clz,DVD,"Columbia TriStar","Mar 16, 2026"
"Big Momma's House",2000,https://www.imdb.com/title/tt0208003/?ref_=ref_ext_clz,DVD,,"Mar 15, 2026"
"Big Momma's House",2000,https://www.imdb.com/title/tt0208003/?ref_=ref_ext_clz,DVD,,"Mar 16, 2026"
"Big Momma's House",2000,https://www.imdb.com/title/tt0208003/?ref_=ref_ext_clz,DVD,,"Mar 29, 2026"
"Big Momma's House 2",2006,https://www.imdb.com/title/tt0421729/?ref_=ref_ext_clz,DVD,,"Mar 15, 2026"
"Big Momma's House 2",2006,https://www.imdb.com/title/tt0421729/?ref_=ref_ext_clz,DVD,,"Mar 29, 2026"
"Birds of Prey",2020,https://www.imdb.com/title/tt7713068/?ref_=ref_ext_clz,DVD,,"Mar 05, 2026"
"Black Books: Season 1-3",2000,https://www.imdb.com/title/tt0262150/?ref_=ref_ext_clz,DVD,,"Mar 10, 2026"
"Blade Runner",1982,https://www.imdb.com/title/tt0083658/?ref_=ref_ext_clz,DVD,"Warner Bros.","Mar 29, 2026"
"Blade Runner",1982,https://www.imdb.com/title/tt0083658/?ref_=ref_ext_clz,DVD,"Warner Bros.","Mar 29, 2026"
"Blades of Glory",2007,https://www.imdb.com/title/tt0445934/?ref_=ref_ext_clz,DVD,"Paramount Pictures","Mar 29, 2026"
"Bleak House",2005,https://www.imdb.com/title/tt0442632/?ref_=ref_ext_clz,DVD,"2 Entertain Video","Mar 05, 2026"
"The Boat That Rocked",2009,https://www.imdb.com/title/tt1131729/?ref_=ref_ext_clz,DVD,Universal,"Mar 16, 2026"
"The Boat That Rocked",2009,https://www.imdb.com/title/tt1131729/?ref_=ref_ext_clz,DVD,Universal,"Mar 29, 2026"
Borat,2006,https://www.imdb.com/title/tt0443453/?ref_=ref_ext_clz,DVD,"20th Century Fox","Mar 12, 2026"
Borat,2006,https://www.imdb.com/title/tt0443453/?ref_=ref_ext_clz,DVD,"20th Century Fox","Mar 29, 2026"
"Borgen: Season 1",2011,https://www.imdb.com/title/tt1526318/?ref_=ref_ext_clz,DVD,,"Mar 05, 2026"
"The Bounty Hunter",2010,https://www.imdb.com/title/tt1038919/?ref_=ref_ext_clz,DVD,Sony,"Mar 16, 2026"
"The Bourne Ultimatum",2007,https://www.imdb.com/title/tt0440963/?ref_=ref_ext_clz,DVD,Universal,"Mar 29, 2026"
"Breakfast at Tiffany's",1961,https://www.imdb.com/title/tt0054698/?ref_=ref_ext_clz,DVD,,"Mar 05, 2026"
"Breaking Bad: The Complete series",2008,https://www.imdb.com/title/tt0903747/?ref_=ref_ext_clz,DVD,,"Mar 10, 2026"
Bridesmaid,2010,https://www.imdb.com/title/tt1564015/?ref_=ref_ext_clz,DVD,,"Mar 15, 2026"
Bridesmaid,2010,https://www.imdb.com/title/tt1564015/?ref_=ref_ext_clz,DVD,,"Mar 16, 2026"
"Bringing Down the House",2003,https://www.imdb.com/title/tt0305669/?ref_=ref_ext_clz,DVD,,"Mar 05, 2026"
"Bruce Almighty",2003,https://www.imdb.com/title/tt0315327/?ref_=ref_ext_clz,DVD,"Buena Vista Home Entertainment","Mar 12, 2026"
"The Bucket List",2007,https://www.imdb.com/title/tt0825232/?ref_=ref_ext_clz,DVD,"Warner Bros.","Mar 30, 2026"
"A Bunch of Amateurs",2008,https://www.imdb.com/title/tt1171226/?ref_=ref_ext_clz,DVD,"Entertainment In Video","Mar 16, 2026"
"The Butterfly Effect 2",2006,https://www.imdb.com/title/tt0457297/?ref_=ref_ext_clz,DVD,"New Line Cinema","Mar 29, 2026"
"The Cable Guy",1996,https://www.imdb.com/title/tt0115798/?ref_=ref_ext_clz,DVD,,"Mar 10, 2026"
"The Campaign",2012,https://www.imdb.com/title/tt1790886/?ref_=ref_ext_clz,DVD,,"Mar 15, 2026"
Carrie,2013,https://www.imdb.com/title/tt1939659/?ref_=ref_ext_clz,Blu-ray,"MGM - Metro Goldwyn Mayer","Mar 29, 2026"
"Casino Royale",2006,https://www.imdb.com/title/tt0381061/?ref_=ref_ext_clz,DVD,Sony,"Mar 15, 2026"
Casshern,2004,https://www.imdb.com/title/tt0405821/?ref_=ref_ext_clz,DVD,"Momentum Pictures","Mar 29, 2026"
"Castle: Season 1-8",2009,https://www.imdb.com/title/tt1219024/?ref_=ref_ext_clz,DVD,,"Mar 29, 2026"
"The Cat in the Hat",2003,https://www.imdb.com/title/tt0312528/?ref_=ref_ext_clz,DVD,,"Mar 30, 2026"
"Chalet Girl",2011,https://www.imdb.com/title/tt1487118/?ref_=ref_ext_clz,DVD,,"Mar 16, 2026"
"The Change-Up",2011,https://www.imdb.com/title/tt1488555/?ref_=ref_ext_clz,DVD,,"Mar 12, 2026"
"Charlie St. Cloud",2010,https://www.imdb.com/title/tt1438254/?ref_=ref_ext_clz,DVD,Universal,"Mar 30, 2026"
"Chicago Fire: Season 1",2012,https://www.imdb.com/title/tt2261391/?ref_=ref_ext_clz,DVD,,"Mar 10, 2026"
"Children of Men",2006,https://www.imdb.com/title/tt0206634/?ref_=ref_ext_clz,DVD,Universal,"Mar 05, 2026"
"Chitty Chitty Bang Bang",1968,https://www.imdb.com/title/tt0062803/?ref_=ref_ext_clz,DVD,"MGM Home Entertainment","Mar 05, 2026"
Chopper,2000,https://www.imdb.com/title/tt0221073/?ref_=ref_ext_clz,DVD,,"Mar 29, 2026"
"Christmas with the Kranks",2004,https://www.imdb.com/title/tt0388419/?ref_=ref_ext_clz,DVD,,"Mar 12, 2026"
"The Chronicles of Narnia: Prince Caspian",2008,https://www.imdb.com/title/tt0499448/?ref_=ref_ext_clz,DVD,Disney,"Mar 29, 2026"
"A Cinderella Story",2004,https://www.imdb.com/title/tt0356470/?ref_=ref_ext_clz,DVD,"Warner Bros.","Mar 29, 2026"
"City Rats",2009,https://www.imdb.com/title/tt1090646/?ref_=ref_ext_clz,DVD,"Revolver Entertainment","Mar 30, 2026"
"Clarkson Supercar Showdown",2007,https://www.imdb.com/title/tt1140858/?ref_=ref_ext_clz,DVD,"2 Entertain Video","Mar 30, 2026"
"Clarkson's Motorsport Mayhem",1995,https://www.imdb.com/title/tt1139579/?ref_=ref_ext_clz,DVD,,"Mar 30, 2026"
"Clarkson: Duel",2009,https://www.imdb.com/title/tt1549577/?ref_=ref_ext_clz,DVD,,"Mar 30, 2026"
"Clarkson: Heaven and Hell",2005,https://www.imdb.com/title/tt0940674/?ref_=ref_ext_clz,DVD,"2 Entertain Video","Mar 30, 2026"
"Clarkson: Hot Metal",2004,https://www.imdb.com/title/tt0940675/?ref_=ref_ext_clz,DVD,"2 Entertain Video","Mar 30, 2026"
"Clarkson: Powered Up",2011,https://www.imdb.com/title/tt2111283/?ref_=ref_ext_clz,DVD,,"Mar 30, 2026"
"Clarkson: Shoot-Out",2003,https://www.imdb.com/title/tt0940676/?ref_=ref_ext_clz,DVD,,"Mar 30, 2026"
"Clarkson: The Italian Job",2010,https://www.imdb.com/title/tt1801042/?ref_=ref_ext_clz,DVD,,"Mar 30, 2026"
"Clarkson: Thriller",2008,https://www.imdb.com/title/tt1321817/?ref_=ref_ext_clz,DVD,,"Mar 30, 2026"
Click,2006,https://www.imdb.com/title/tt0389860/?ref_=ref_ext_clz,DVD,Sony,"Mar 29, 2026"
"The Closer: Season 1",2005,https://www.imdb.com/title/tt0458253/?ref_=ref_ext_clz,DVD,,"Mar 05, 2026"
"Cloud Atlas",2012,https://www.imdb.com/title/tt1371111/?ref_=ref_ext_clz,DVD,"Warner Bros.","Mar 05, 2026"
Cloverfield,2008,https://www.imdb.com/title/tt1060277/?ref_=ref_ext_clz,DVD,"Paramount Pictures","Mar 29, 2026"
"Coach Carter",2005,https://www.imdb.com/title/tt0393162/?ref_=ref_ext_clz,DVD,"Paramount Pictures","Mar 29, 2026"
"Cocaine Bear",2023,https://www.imdb.com/title/tt14209916/?ref_=ref_ext_clz,DVD,,"Mar 05, 2026"
Commando,1985,https://www.imdb.com/title/tt0088944/?ref_=ref_ext_clz,DVD,,"Mar 29, 2026"
"The Complete Matrix Trilogy: The Matrix / The Matrix Reloaded / The Matrix Revolutions",1999,,DVD,,"Mar 29, 2026"
"The Complete Mrs. Brown's Boxset",2011,https://www.imdb.com/title/tt1819022/?ref_=ref_ext_clz,DVD,,"Mar 05, 2026"
Constantine,2005,https://www.imdb.com/title/tt0360486/?ref_=ref_ext_clz,DVD,"Warner Bros.","Mar 15, 2026"
Contraband,2012,https://www.imdb.com/title/tt1524137/?ref_=ref_ext_clz,DVD,Universal,"Mar 05, 2026"
"Cool Runnings",1993,https://www.imdb.com/title/tt0106611/?ref_=ref_ext_clz,DVD,"Buena Vista Home Entertainment","Mar 30, 2026"
"The Crown: Season 1",2016,https://www.imdb.com/title/tt4786824/?ref_=ref_ext_clz,DVD,,"Mar 05, 2026"
"CSI: NY: Season 3",2006,https://www.imdb.com/title/tt0395843/?ref_=ref_ext_clz,DVD,,"Mar 10, 2026"
"Curb Your Enthusiasm: Season 1",2000,https://www.imdb.com/title/tt0264235/?ref_=ref_ext_clz,DVD,,"Mar 10, 2026"
"Daddy's Home",2015,https://www.imdb.com/title/tt1528854/?ref_=ref_ext_clz,DVD,,"Mar 05, 2026"
"The Damned United",2009,https://www.imdb.com/title/tt1226271/?ref_=ref_ext_clz,DVD,Sony,"Mar 29, 2026"
"The Damned United",2009,https://www.imdb.com/title/tt1226271/?ref_=ref_ext_clz,DVD,Sony,"Mar 29, 2026"
"The Damned United",2009,https://www.imdb.com/title/tt1226271/?ref_=ref_ext_clz,DVD,Sony,"Mar 30, 2026"
"The Dark Crystal / Labyrinth",1982,,DVD,,"Mar 29, 2026"
"The Dark Knight",2008,https://www.imdb.com/title/tt0468569/?ref_=ref_ext_clz,DVD,"Warner Bros.","Mar 29, 2026"
"The Dark Knight Rises",2012,https://www.imdb.com/title/tt1345836/?ref_=ref_ext_clz,DVD,"Warner Bros.","Mar 29, 2026"
"Dark Shadows",2012,https://www.imdb.com/title/tt1077368/?ref_=ref_ext_clz,DVD,"Warner Bros.","Mar 05, 2026"
"Date Movie",2006,https://www.imdb.com/title/tt0466342/?ref_=ref_ext_clz,DVD,"20th Century Fox","Mar 30, 2026"
"Dawn of the Planet of the Apes",2014,https://www.imdb.com/title/tt2103281/?ref_=ref_ext_clz,Blu-ray,"20th Century Fox","Mar 29, 2026"
"Dawn of the Planet of the Apes",2014,https://www.imdb.com/title/tt2103281/?ref_=ref_ext_clz,DVD,,"Mar 30, 2026"
"Dead Silence",2007,https://www.imdb.com/title/tt0455760/?ref_=ref_ext_clz,DVD,Universal,"Mar 10, 2026"
"Dead Silence",2007,https://www.imdb.com/title/tt0455760/?ref_=ref_ext_clz,DVD,Universal,"Mar 30, 2026"
Deadpool,2016,https://www.imdb.com/title/tt1431045/?ref_=ref_ext_clz,DVD,,"Mar 29, 2026"
"Deadpool 2",2018,https://www.imdb.com/title/tt5463162/?ref_=ref_ext_clz,DVD,"Marvel Studios","Mar 29, 2026"
"The Debt",2010,https://www.imdb.com/title/tt1226753/?ref_=ref_ext_clz,DVD,,"Mar 29, 2026"
"Deepwater Horizon",2016,https://www.imdb.com/title/tt1860357/?ref_=ref_ext_clz,DVD,,"Mar 29, 2026"
"Desperate Housewives: Season 2",2006,https://www.imdb.com/title/tt0410975/?ref_=ref_ext_clz,DVD,,"Mar 05, 2026"
"Desperate Housewives: Season 3",2006,https://www.imdb.com/title/tt0410975/?ref_=ref_ext_clz,DVD,,"Mar 05, 2026"
"Die Another Day",2002,https://www.imdb.com/title/tt0246460/?ref_=ref_ext_clz,DVD,MGM/UA,"Mar 15, 2026"
"Dinner for Schmucks",2010,https://www.imdb.com/title/tt0427152/?ref_=ref_ext_clz,DVD,"Paramount Pictures","Mar 29, 2026"
Dinosaur,2000,https://www.imdb.com/title/tt0130623/?ref_=ref_ext_clz,DVD,"Walt Disney","Mar 15, 2026"
"Dirty Dancing",1987,https://www.imdb.com/title/tt0092890/?ref_=ref_ext_clz,DVD,"Lions Gate","Mar 15, 2026"
"Dirty Dancing / Love Actually / My Best Friend's Wedding",2009,,DVD,,"Mar 05, 2026"
"District 9",2009,https://www.imdb.com/title/tt1136608/?ref_=ref_ext_clz,DVD,Sony,"Mar 29, 2026"
"Doctor Who: Season 3",2007,https://www.imdb.com/title/tt0436992/?ref_=ref_ext_clz,DVD,"2 Entertain Video","Mar 10, 2026"
"Doctor Who: Season 3",2007,https://www.imdb.com/title/tt0436992/?ref_=ref_ext_clz,DVD,"2 Entertain Video","Mar 15, 2026"
"Doctor Who: Season 5",2010,https://www.imdb.com/title/tt0436992/?ref_=ref_ext_clz,Blu-ray,"2 Entertain Video","Mar 29, 2026"
"Doctor Who: Season 6",2010,https://www.imdb.com/title/tt0436992/?ref_=ref_ext_clz,Blu-ray,"BBC Worldwide","Mar 29, 2026"
"Doctor Who: Series 1-4",2005,https://www.imdb.com/title/tt0436992/?ref_=ref_ext_clz,DVD,,"Mar 29, 2026"
"Doctor Who: The Complete Specials",2021,https://www.imdb.com/title/tt0436992/?ref_=ref_ext_clz,Blu-ray,,"Mar 29, 2026"
"Dodgeball / Stuck On You / Theres Something About Mary",,,DVD,,"Mar 16, 2026"
"Dodgeball: A True Underdog Story",2004,https://www.imdb.com/title/tt0364725/?ref_=ref_ext_clz,DVD,"20th Century Fox","Mar 16, 2026"
"Dodgeball: A True Underdog Story",2004,https://www.imdb.com/title/tt0364725/?ref_=ref_ext_clz,DVD,"20th Century Fox","Mar 30, 2026"
Doom,2005,https://www.imdb.com/title/tt0419706/?ref_=ref_ext_clz,DVD,Universal,"Mar 29, 2026"
"The Doorman",2020,https://www.imdb.com/title/tt6222118/?ref_=ref_ext_clz,DVD,"Lion's Gate Home Entertainment","Mar 05, 2026"
"Downton Abbey: Season 1",2011,https://www.imdb.com/title/tt1606375/?ref_=ref_ext_clz,DVD,,"Mar 05, 2026"
"Downton Abbey: Season 1",2011,https://www.imdb.com/title/tt1606375/?ref_=ref_ext_clz,DVD,,"Mar 12, 2026"
"Downton Abbey: Season 3",2013,https://www.imdb.com/title/tt1606375/?ref_=ref_ext_clz,DVD,,"Mar 05, 2026"
"Downton Abbey: Season 5",2015,https://www.imdb.com/title/tt1606375/?ref_=ref_ext_clz,DVD,,"Mar 05, 2026"
"Downton Abbey: Season 6",2016,https://www.imdb.com/title/tt1606375/?ref_=ref_ext_clz,DVD,,"Mar 05, 2026"
"Downton Abbey: Series 1-3",2010,https://www.imdb.com/title/tt1606375/?ref_=ref_ext_clz,DVD,,"Mar 05, 2026"
"Downton Abbey: Series 1-3",2010,https://www.imdb.com/title/tt1606375/?ref_=ref_ext_clz,DVD,,"Mar 10, 2026"
"Downton Abbey: Season 2",2012,https://www.imdb.com/title/tt1606375/?ref_=ref_ext_clz,DVD,,"Mar 05, 2026"
"Driving Lessons",2006,https://www.imdb.com/title/tt0446687/?ref_=ref_ext_clz,DVD,,"Mar 05, 2026"
"Dude, Where's My Car?",2000,https://www.imdb.com/title/tt0242423/?ref_=ref_ext_clz,DVD,"20th Century Fox","Mar 16, 2026"
"Due Date",2010,https://www.imdb.com/title/tt1231583/?ref_=ref_ext_clz,DVD,"Warner Bros.","Mar 29, 2026"
"The Dukes of Hazzard",2005,https://www.imdb.com/title/tt0377818/?ref_=ref_ext_clz,DVD,"Warner Bros.","Mar 16, 2026"
"Dumb and Dumber",1994,https://www.imdb.com/title/tt0109686/?ref_=ref_ext_clz,DVD,,"Mar 16, 2026"
"Dumb and Dumber",1994,https://www.imdb.com/title/tt0109686/?ref_=ref_ext_clz,DVD,"Entertainment In Video","Mar 16, 2026"
"Eastern Promises",2007,https://www.imdb.com/title/tt0765443/?ref_=ref_ext_clz,DVD,"Pathe Distribution","Mar 30, 2026"
"Elementary: Season 1",2012,https://www.imdb.com/title/tt2191671/?ref_=ref_ext_clz,DVD,,"Mar 10, 2026"
Elf,2003,https://www.imdb.com/title/tt0319343/?ref_=ref_ext_clz,DVD,,"Mar 12, 2026"
Elf,2003,https://www.imdb.com/title/tt0319343/?ref_=ref_ext_clz,DVD,,"Mar 29, 2026"
Elf,2003,https://www.imdb.com/title/tt0319343/?ref_=ref_ext_clz,DVD,"Entertainment In Video","Mar 30, 2026"
"Entourage: Season 5",2008,https://www.imdb.com/title/tt0387199/?ref_=ref_ext_clz,DVD,,"Mar 10, 2026"
"Entourage: Season 6",2009,https://www.imdb.com/title/tt0387199/?ref_=ref_ext_clz,DVD,,"Mar 10, 2026"
"ER: Season 1",1994,https://www.imdb.com/title/tt0108757/?ref_=ref_ext_clz,DVD,"Warner Bros.","Mar 10, 2026"
"ER: Season 2",1995,https://www.imdb.com/title/tt0108757/?ref_=ref_ext_clz,DVD,"Warner Bros.","Mar 10, 2026"
"Escape Plan: The Extractors",2019,https://www.imdb.com/title/tt6772804/?ref_=ref_ext_clz,DVD,,"Mar 05, 2026"
"Eternal Sunshine of the Spotless Mind",2004,https://www.imdb.com/title/tt0338013/?ref_=ref_ext_clz,DVD,"Momentum Pictures","Mar 30, 2026"
"Exodus: Gods and Kings",2014,https://www.imdb.com/title/tt1528100/?ref_=ref_ext_clz,Blu-ray,"20th Century Fox","Mar 29, 2026"
"The Expendables 2",2012,https://www.imdb.com/title/tt1764651/?ref_=ref_ext_clz,DVD,"Lion's Gate Home Entertainment","Mar 30, 2026"
"Extras: Season 2",2007,https://www.imdb.com/title/tt0445114/?ref_=ref_ext_clz,DVD,Universal,"Mar 29, 2026"
"Extremely Loud & Incredibly Close",2011,https://www.imdb.com/title/tt0477302/?ref_=ref_ext_clz,DVD,,"Mar 29, 2026"
Fame,1980,https://www.imdb.com/title/tt0080716/?ref_=ref_ext_clz,DVD,"Warner Bros.","Mar 29, 2026"
"Family Guy: Happy Freakin' Xmas",2024,https://www.imdb.com/title/tt0182576/?ref_=ref_ext_clz,DVD,,"Mar 16, 2026"
"Family Guy: Season 3",2001,https://www.imdb.com/title/tt0182576/?ref_=ref_ext_clz,DVD,,"Mar 05, 2026"
"Fantastic Beasts and Where to Find Them",2016,https://www.imdb.com/title/tt3183660/?ref_=ref_ext_clz,DVD,"Warner Bros.","Mar 05, 2026"
"Fantastic Beasts: The Crimes of Grindelwald",2018,https://www.imdb.com/title/tt4123430/?ref_=ref_ext_clz,DVD,"Walt Disney","Mar 05, 2026"
"Fantastic Beasts: The Secrets of Dumbledore",2022,https://www.imdb.com/title/tt4123432/?ref_=ref_ext_clz,DVD,,"Mar 05, 2026"
"Fast & Furious",2009,https://www.imdb.com/title/tt1013752/?ref_=ref_ext_clz,DVD,Universal,"Mar 29, 2026"
"2 Fast 2 Furious",2003,https://www.imdb.com/title/tt0322259/?ref_=ref_ext_clz,DVD,Universal,"Mar 05, 2026"
"Father Ted: Season 3",1998,https://www.imdb.com/title/tt0111958/?ref_=ref_ext_clz,DVD,,"Mar 30, 2026"
"Fawlty Towers: Season 1",1975,https://www.imdb.com/title/tt0072500/?ref_=ref_ext_clz,DVD,"2 Entertain Video","Mar 30, 2026"
"Fawlty Towers: Season 2",1979,https://www.imdb.com/title/tt0072500/?ref_=ref_ext_clz,DVD,"2 Entertain Video","Mar 30, 2026"
"Fight Club",1999,https://www.imdb.com/title/tt0137523/?ref_=ref_ext_clz,DVD,"20th Century Fox","Mar 05, 2026"
"Fight Club",1999,https://www.imdb.com/title/tt0137523/?ref_=ref_ext_clz,DVD,"20th Century Fox","Mar 29, 2026"
"Finding Nemo",2003,https://www.imdb.com/title/tt0266543/?ref_=ref_ext_clz,DVD,,"Mar 29, 2026"
"The Five-Year Engagement",2012,https://www.imdb.com/title/tt1195478/?ref_=ref_ext_clz,DVD,,"Mar 15, 2026"
Flight,2012,https://www.imdb.com/title/tt1907668/?ref_=ref_ext_clz,DVD,,"Mar 29, 2026"
"Flight Of The Conchords: Season 1",2007,https://www.imdb.com/title/tt0863046/?ref_=ref_ext_clz,DVD,,"Mar 10, 2026"
"Flight Of The Conchords: Season 1",2007,https://www.imdb.com/title/tt0863046/?ref_=ref_ext_clz,DVD,,"Mar 29, 2026"
"Forgetting Sarah Marshall",2008,https://www.imdb.com/title/tt0800039/?ref_=ref_ext_clz,DVD,Universal,"Mar 16, 2026"
"The Forsyte Saga",2002,https://www.imdb.com/title/tt0260615/?ref_=ref_ext_clz,DVD,,"Mar 10, 2026"
"Four Brothers",2005,https://www.imdb.com/title/tt0430105/?ref_=ref_ext_clz,DVD,"Paramount Pictures","Mar 29, 2026"
"Four Christmases",2008,https://www.imdb.com/title/tt0369436/?ref_=ref_ext_clz,DVD,"New Line Cinema","Mar 16, 2026"
"Four Weddings and a Funeral",1994,https://www.imdb.com/title/tt0109831/?ref_=ref_ext_clz,DVD,"MGM Home Entertainment","Mar 12, 2026"
"Frasier: Season 2",1994,https://www.imdb.com/title/tt0106004/?ref_=ref_ext_clz,DVD,,"Mar 10, 2026"
"Freddy Got Fingered",2001,https://www.imdb.com/title/tt0240515/?ref_=ref_ext_clz,DVD,"20th Century Fox","Mar 29, 2026"
"Friends: Season 10",2004,https://www.imdb.com/title/tt0108778/?ref_=ref_ext_clz,DVD,,"Mar 29, 2026"
"Friends: Season 2",1996,https://www.imdb.com/title/tt0108778/?ref_=ref_ext_clz,DVD,"Warner Bros.","Mar 29, 2026"
"Friends: Season 3",1997,https://www.imdb.com/title/tt0108778/?ref_=ref_ext_clz,DVD,"Warner Bros.","Mar 29, 2026"
"Friends: Season 4",1997,https://www.imdb.com/title/tt0108778/?ref_=ref_ext_clz,DVD,"Warner Bros.","Mar 29, 2026"
"Friends: Season 5",1998,https://www.imdb.com/title/tt0108778/?ref_=ref_ext_clz,DVD,,"Mar 29, 2026"
"Friends: Season 6",1999,https://www.imdb.com/title/tt0108778/?ref_=ref_ext_clz,DVD,,"Mar 29, 2026"
"Friends: Season 7",2000,https://www.imdb.com/title/tt0108778/?ref_=ref_ext_clz,DVD,"Warner Bros.","Mar 29, 2026"
"Friends: Season 8",2001,https://www.imdb.com/title/tt0108778/?ref_=ref_ext_clz,DVD,,"Mar 29, 2026"
"Friends: Season 9",2002,https://www.imdb.com/title/tt0108778/?ref_=ref_ext_clz,DVD,,"Mar 29, 2026"
"Friends: The Best Of Friends: Season 1",1994,https://www.imdb.com/title/tt0108778/?ref_=ref_ext_clz,DVD,"Warner Bros.","Mar 29, 2026"
"Fringe: Season 1",2008,https://www.imdb.com/title/tt1119644/?ref_=ref_ext_clz,DVD,"Warner Bros.","Mar 05, 2026"
"From Dusk Till Dawn",1996,https://www.imdb.com/title/tt0116367/?ref_=ref_ext_clz,DVD,"Buena Vista Home Entertainment","Mar 29, 2026"
"From Paris with Love",2010,https://www.imdb.com/title/tt1179034/?ref_=ref_ext_clz,DVD,"Warner Bros.","Mar 29, 2026"
Frozen,2013,https://www.imdb.com/title/tt2294629/?ref_=ref_ext_clz,DVD,"Walt Disney","Mar 29, 2026"
Frozen,2013,https://www.imdb.com/title/tt2294629/?ref_=ref_ext_clz,DVD,,"Mar 29, 2026"
Frozen,2013,https://www.imdb.com/title/tt2294629/?ref_=ref_ext_clz,DVD,"Walt Disney","Mar 29, 2026"
"Frozen Planet: The Complete Series",2012,https://www.imdb.com/title/tt2092588/?ref_=ref_ext_clz,DVD,,"Mar 05, 2026"
"Funny People",2009,https://www.imdb.com/title/tt1201167/?ref_=ref_ext_clz,DVD,Universal,"Mar 16, 2026"
"Futurama: Season 1-4",1999,https://www.imdb.com/title/tt0149460/?ref_=ref_ext_clz,DVD,,"Mar 29, 2026"
"Garfield: The Movie",2004,https://www.imdb.com/title/tt0356634/?ref_=ref_ext_clz,DVD,"20th Century Fox","Mar 29, 2026"
"Gavin & Stacey: Series 1-2",2007,https://www.imdb.com/title/tt0908454/?ref_=ref_ext_clz,DVD,,"Mar 05, 2026"
"Gavin And Stacey: The Complete Collection",2007,https://www.imdb.com/title/tt0908454/?ref_=ref_ext_clz,DVD,,"Mar 10, 2026"
"Get Him to the Greek",2010,https://www.imdb.com/title/tt1226229/?ref_=ref_ext_clz,DVD,Universal,"Mar 16, 2026"
"Get Smart",2008,https://www.imdb.com/title/tt0425061/?ref_=ref_ext_clz,DVD,"Warner Bros.","Mar 29, 2026"
"Ghostbusters 1 & 2",2000,,DVD,Sony,"Mar 29, 2026"
"Ghostbusters: Answer the Call",2016,https://www.imdb.com/title/tt1289401/?ref_=ref_ext_clz,DVD,Sony,"Mar 05, 2026"
"Girl Who Kicked the Hornet's Nest",2009,https://www.imdb.com/title/tt1343097/?ref_=ref_ext_clz,DVD,"Momentum Pictures","Mar 29, 2026"
"The Girl Who Played with Fire",2009,https://www.imdb.com/title/tt1216487/?ref_=ref_ext_clz,DVD,"Momentum Pictures","Mar 29, 2026"
"Gnomeo & Juliet",2011,https://www.imdb.com/title/tt0377981/?ref_=ref_ext_clz,DVD,"Touchstone Home Entertainment","Mar 30, 2026"
"The Godfather Trilogy",2020,,DVD,"Paramount Pictures","Mar 29, 2026"
"Godsend / Hide and Seek / What Lies Beneath",,,DVD,,"Mar 29, 2026"
"Godzilla: King of the Monsters",2019,https://www.imdb.com/title/tt3741700/?ref_=ref_ext_clz,DVD,,"Mar 29, 2026"
GoldenEye,1995,https://www.imdb.com/title/tt0113189/?ref_=ref_ext_clz,DVD,"MGM Entertainment","Mar 29, 2026"
"Gone with the Wind",1939,https://www.imdb.com/title/tt0031381/?ref_=ref_ext_clz,DVD,"Warner Bros.","Mar 05, 2026"
"The Good Wife: Season 1",2009,https://www.imdb.com/title/tt1442462/?ref_=ref_ext_clz,DVD,,"Mar 10, 2026"
"The Good Wife: Season 4",2012,https://www.imdb.com/title/tt1442462/?ref_=ref_ext_clz,DVD,"CBS DVD","Mar 10, 2026"
"The Goonies",1985,https://www.imdb.com/title/tt0089218/?ref_=ref_ext_clz,DVD,"Warner Bros.","Mar 29, 2026"
"The Goonies",1985,https://www.imdb.com/title/tt0089218/?ref_=ref_ext_clz,DVD,"Warner Bros.","Mar 29, 2026"
"Gossip Girl: Season 1",2007,https://www.imdb.com/title/tt0397442/?ref_=ref_ext_clz,DVD,,"Mar 05, 2026"
"Gossip Girl: Season 1",2007,https://www.imdb.com/title/tt0397442/?ref_=ref_ext_clz,DVD,"Warner Bros.","Mar 10, 2026"
"Gossip Girl: Season 3",2009,https://www.imdb.com/title/tt0397442/?ref_=ref_ext_clz,DVD,,"Mar 05, 2026"
"Gossip Girl: Season 4",2010,https://www.imdb.com/title/tt0397442/?ref_=ref_ext_clz,DVD,,"Mar 05, 2026"
"Gossip Girl: Season 5",2011,https://www.imdb.com/title/tt0397442/?ref_=ref_ext_clz,DVD,,"Mar 05, 2026"
"Gossip Girl: Season 6",2012,https://www.imdb.com/title/tt0397442/?ref_=ref_ext_clz,DVD,,"Mar 05, 2026"
"Gran Torino",2008,https://www.imdb.com/title/tt1205489/?ref_=ref_ext_clz,DVD,"Warner Bros.","Mar 29, 2026"
"Grandma's Boy",2006,https://www.imdb.com/title/tt0456554/?ref_=ref_ext_clz,DVD,,"Mar 15, 2026"
Gravity,2013,https://www.imdb.com/title/tt1454468/?ref_=ref_ext_clz,DVD,,"Mar 05, 2026"
"The Greatest Showman",2017,https://www.imdb.com/title/tt1485796/?ref_=ref_ext_clz,DVD,"20th Century Fox","Mar 29, 2026"
"The Greatest Showman",2017,https://www.imdb.com/title/tt1485796/?ref_=ref_ext_clz,DVD,"20th Century Fox","Mar 30, 2026"
"Green Zone",2010,https://www.imdb.com/title/tt0947810/?ref_=ref_ext_clz,DVD,Universal,"Mar 30, 2026"
Gremlins,1984,https://www.imdb.com/title/tt0087363/?ref_=ref_ext_clz,DVD,"Warner Bros.","Mar 29, 2026"
"Grey's Anatomy: Season 8",2011,https://www.imdb.com/title/tt0413573/?ref_=ref_ext_clz,DVD,,"Mar 10, 2026"
Gridlock'd,1997,https://www.imdb.com/title/tt0119225/?ref_=ref_ext_clz,DVD,,"Mar 05, 2026"
"Grown Ups",2010,https://www.imdb.com/title/tt1375670/?ref_=ref_ext_clz,DVD,Sony,"Mar 05, 2026"
"Grown Ups",2010,https://www.imdb.com/title/tt1375670/?ref_=ref_ext_clz,DVD,Sony,"Mar 29, 2026"
Hancock,2008,https://www.imdb.com/title/tt0448157/?ref_=ref_ext_clz,DVD,Sony,"Mar 29, 2026"
"The Hangover",2009,https://www.imdb.com/title/tt1119646/?ref_=ref_ext_clz,DVD,"Warner Bros.","Mar 12, 2026"
"The Hangover",2009,https://www.imdb.com/title/tt1119646/?ref_=ref_ext_clz,DVD,"Warner Bros.","Mar 16, 2026"
"The Hangover",2009,https://www.imdb.com/title/tt1119646/?ref_=ref_ext_clz,DVD,"Warner Bros.","Mar 29, 2026"
"The Hangover Part II",2011,https://www.imdb.com/title/tt1411697/?ref_=ref_ext_clz,DVD,"Warner Bros.","Mar 16, 2026"
"The Hangover Part III",2013,https://www.imdb.com/title/tt1951261/?ref_=ref_ext_clz,DVD,,"Mar 16, 2026"
"The Hangover Part III",2013,https://www.imdb.com/title/tt1951261/?ref_=ref_ext_clz,DVD,,"Mar 29, 2026"
Hannibal,2001,https://www.imdb.com/title/tt0212985/?ref_=ref_ext_clz,DVD,,"Mar 29, 2026"
"The Happening",2008,https://www.imdb.com/title/tt0949731/?ref_=ref_ext_clz,DVD,"20th Century Fox","Mar 29, 2026"
"Happy Valley: Season 1",2014,https://www.imdb.com/title/tt3428912/?ref_=ref_ext_clz,DVD,,"Mar 05, 2026"
"Harry Potter and the Chamber of Secrets",2002,https://www.imdb.com/title/tt0295297/?ref_=ref_ext_clz,DVD,"Warner Bros.","Mar 05, 2026"
"Harry Potter and the Chamber of Secrets",2002,https://www.imdb.com/title/tt0295297/?ref_=ref_ext_clz,DVD,,"Mar 05, 2026"
"Harry Potter and the Deathly Hallows: Part 1",2010,https://www.imdb.com/title/tt0926084/?ref_=ref_ext_clz,DVD,"Warner Bros.","Mar 05, 2026"
"Harry Potter and the Deathly Hallows: Part 2",2011,https://www.imdb.com/title/tt1201607/?ref_=ref_ext_clz,DVD,"Warner Bros.","Mar 05, 2026"
"Harry Potter and the Deathly Hallows: Part 2",2011,https://www.imdb.com/title/tt1201607/?ref_=ref_ext_clz,DVD,"Warner Bros.","Mar 29, 2026"
"Harry Potter and the Goblet of Fire",2005,https://www.imdb.com/title/tt0330373/?ref_=ref_ext_clz,DVD,,"Mar 05, 2026"
"Harry Potter and the Half-Blood Prince",2009,https://www.imdb.com/title/tt0417741/?ref_=ref_ext_clz,DVD,"Warner Bros.","Mar 05, 2026"
"Harry Potter and the Half-Blood Prince",2009,https://www.imdb.com/title/tt0417741/?ref_=ref_ext_clz,DVD,,"Mar 05, 2026"
"Harry Potter and the Half-Blood Prince",2009,https://www.imdb.com/title/tt0417741/?ref_=ref_ext_clz,DVD,"Warner Bros.","Mar 29, 2026"
"Harry Potter and the Order of the Phoenix",2007,https://www.imdb.com/title/tt0373889/?ref_=ref_ext_clz,DVD,"Warner Bros.","Mar 05, 2026"
"Harry Potter and the Order of the Phoenix",2007,https://www.imdb.com/title/tt0373889/?ref_=ref_ext_clz,DVD,,"Mar 05, 2026"
"Harry Potter and the Prisoner of Azkaban",2004,https://www.imdb.com/title/tt0304141/?ref_=ref_ext_clz,DVD,"Warner Bros.","Mar 05, 2026"
"Harry Potter and the Prisoner of Azkaban",2004,https://www.imdb.com/title/tt0304141/?ref_=ref_ext_clz,DVD,,"Mar 05, 2026"
"Harry Potter and the Sorcerer's Stone",2001,https://www.imdb.com/title/tt0241527/?ref_=ref_ext_clz,DVD,"Warner Bros.","Mar 05, 2026"
"Harry Potter and the Sorcerer's Stone",2001,https://www.imdb.com/title/tt0241527/?ref_=ref_ext_clz,DVD,,"Mar 05, 2026"
"The Haunting of Margam Castle",2020,https://www.imdb.com/title/tt10648146/?ref_=ref_ext_clz,DVD,,"Mar 05, 2026"
"The Heat",2013,https://www.imdb.com/title/tt2404463/?ref_=ref_ext_clz,DVD,"20th Century Fox","Mar 16, 2026"
"The Heat",2013,https://www.imdb.com/title/tt2404463/?ref_=ref_ext_clz,DVD,"20th Century Fox","Mar 29, 2026"
Heat,1995,https://www.imdb.com/title/tt0113277/?ref_=ref_ext_clz,DVD,"Warner Bros.","Mar 29, 2026"
"Heavenquest: A Pilgrim's Progress",2020,https://www.imdb.com/title/tt5167200/?ref_=ref_ext_clz,DVD,,"Mar 05, 2026"
Hellboy,2019,https://www.imdb.com/title/tt2274648/?ref_=ref_ext_clz,DVD,"Lion's Gate Home Entertainment","Mar 29, 2026"
Hellboy,2004,https://www.imdb.com/title/tt0167190/?ref_=ref_ext_clz,DVD,,"Mar 29, 2026"
"Hellboy II: The Golden Army",2008,https://www.imdb.com/title/tt0411477/?ref_=ref_ext_clz,DVD,Universal,"Mar 29, 2026"
"Hellboy II: The Golden Army",2008,https://www.imdb.com/title/tt0411477/?ref_=ref_ext_clz,Blu-ray,Universal,"Mar 29, 2026"
"Heroes: Season 1",2006,https://www.imdb.com/title/tt0813715/?ref_=ref_ext_clz,DVD,Universal,"Mar 10, 2026"
"Heroes: Season 1",2006,https://www.imdb.com/title/tt0813715/?ref_=ref_ext_clz,DVD,Universal,"Mar 12, 2026"
"Heroes: Season 1-2",2006,https://www.imdb.com/title/tt0813715/?ref_=ref_ext_clz,DVD,,"Mar 05, 2026"
"High Fidelity",2000,https://www.imdb.com/title/tt0146882/?ref_=ref_ext_clz,DVD,"Buena Vista","Mar 29, 2026"
"High School Musical",2006,https://www.imdb.com/title/tt0475293/?ref_=ref_ext_clz,DVD,Disney,"Mar 29, 2026"
"High School Musical 3: Senior Year",2008,https://www.imdb.com/title/tt0962726/?ref_=ref_ext_clz,DVD,Disney,"Mar 29, 2026"
"High School Musical 3: Senior Year",2008,https://www.imdb.com/title/tt0962726/?ref_=ref_ext_clz,DVD,Disney,"Mar 29, 2026"
Hitch,2005,https://www.imdb.com/title/tt0386588/?ref_=ref_ext_clz,DVD,Sony,"Mar 12, 2026"
Hitch,2005,https://www.imdb.com/title/tt0386588/?ref_=ref_ext_clz,DVD,Sony,"Mar 15, 2026"
"The Hitman's Bodyguard",2017,https://www.imdb.com/title/tt1959563/?ref_=ref_ext_clz,DVD,,"Mar 12, 2026"
"The Hobbit: An Unexpected Journey",2012,https://www.imdb.com/title/tt0903624/?ref_=ref_ext_clz,DVD,"Warner Bros.","Mar 29, 2026"
"Homeland: Season 1",2011,https://www.imdb.com/title/tt1796960/?ref_=ref_ext_clz,DVD,,"Mar 12, 2026"
"Horrible Bosses",2011,https://www.imdb.com/title/tt1499658/?ref_=ref_ext_clz,DVD,"Warner Bros.","Mar 16, 2026"
"Horton Hears a Who!",2008,https://www.imdb.com/title/tt0451079/?ref_=ref_ext_clz,DVD,"20th Century Fox","Mar 30, 2026"
"Hostel: Part II",2007,https://www.imdb.com/title/tt0498353/?ref_=ref_ext_clz,DVD,Sony,"Mar 29, 2026"
"Hot Fuzz",2007,https://www.imdb.com/title/tt0425112/?ref_=ref_ext_clz,DVD,"Universal Pictures","Mar 12, 2026"
"Hot Fuzz",2007,https://www.imdb.com/title/tt0425112/?ref_=ref_ext_clz,DVD,"Universal Pictures","Mar 15, 2026"
"Hot Fuzz",2007,https://www.imdb.com/title/tt0425112/?ref_=ref_ext_clz,DVD,Universal,"Mar 16, 2026"
"Hot Tub Time Machine",2010,https://www.imdb.com/title/tt1231587/?ref_=ref_ext_clz,DVD,"MGM Home Entertainment","Mar 30, 2026"
"The House Bunny",2008,https://www.imdb.com/title/tt0852713/?ref_=ref_ext_clz,DVD,Sony,"Mar 12, 2026"
"House M.D.: Season 1",2005,https://www.imdb.com/title/tt0412142/?ref_=ref_ext_clz,DVD,Universal,"Mar 12, 2026"
"House M.D.: Season 3",2006,https://www.imdb.com/title/tt0412142/?ref_=ref_ext_clz,DVD,Universal,"Mar 05, 2026"
"House of Cards: Season 1",2013,https://www.imdb.com/title/tt1856010/?ref_=ref_ext_clz,DVD,,"Mar 05, 2026"
"House of Cards: Season 3",2015,https://www.imdb.com/title/tt1856010/?ref_=ref_ext_clz,DVD,,"Mar 05, 2026"
"House of Wax",2005,https://www.imdb.com/title/tt0397065/?ref_=ref_ext_clz,DVD,,"Mar 29, 2026"
"How the Grinch Stole Christmas",2000,https://www.imdb.com/title/tt0170016/?ref_=ref_ext_clz,DVD,,"Mar 30, 2026"
"How to Be Single",2016,https://www.imdb.com/title/tt1292566/?ref_=ref_ext_clz,DVD,,"Mar 16, 2026"
"Human Planet: The Complete Series",2011,https://www.imdb.com/title/tt1806234/?ref_=ref_ext_clz,DVD,,"Mar 29, 2026"
"The Hunger Games",2012,https://www.imdb.com/title/tt1392170/?ref_=ref_ext_clz,DVD,"Lion's Gate Home Entertainment","Mar 29, 2026"
"Hunger Games: Complete 4-Film Collection",2016,,DVD,,"Mar 05, 2026"
"The Hurricane",1999,https://www.imdb.com/title/tt0174856/?ref_=ref_ext_clz,DVD,"Touchstone Home Video","Mar 29, 2026"
"I Give It a Year",2013,https://www.imdb.com/title/tt2244901/?ref_=ref_ext_clz,DVD,,"Mar 16, 2026"
"I Love You, Man",2009,https://www.imdb.com/title/tt1155056/?ref_=ref_ext_clz,DVD,"Paramount Pictures","Mar 15, 2026"
"I Love You, Man",2009,https://www.imdb.com/title/tt1155056/?ref_=ref_ext_clz,DVD,"Paramount Pictures","Mar 16, 2026"
"Ice Age",2002,https://www.imdb.com/title/tt0268380/?ref_=ref_ext_clz,DVD,,"Mar 29, 2026"
"Ice Age: The Meltdown",2006,https://www.imdb.com/title/tt0438097/?ref_=ref_ext_clz,DVD,"20th Century Fox","Mar 30, 2026"
"Ice Princess",2005,https://www.imdb.com/title/tt0396652/?ref_=ref_ext_clz,DVD,,"Mar 29, 2026"
"Identity Thief",2013,https://www.imdb.com/title/tt2024432/?ref_=ref_ext_clz,DVD,,"Mar 16, 2026"
"Identity Thief",2013,https://www.imdb.com/title/tt2024432/?ref_=ref_ext_clz,DVD,,"Mar 16, 2026"
"An Idiot Abroad: Season 1",2010,https://www.imdb.com/title/tt1702042/?ref_=ref_ext_clz,DVD,,"Mar 12, 2026"
"An Idiot Abroad: Season 2",2012,https://www.imdb.com/title/tt1702042/?ref_=ref_ext_clz,DVD,,"Mar 12, 2026"
"An Idiot Abroad: The Complete Collection",2010,https://www.imdb.com/title/tt1702042/?ref_=ref_ext_clz,DVD,,"Mar 29, 2026"
"An Idiot Abroad: The Complete Series 1 & 2",2010,https://www.imdb.com/title/tt1702042/?ref_=ref_ext_clz,DVD,,"Mar 05, 2026"
"The Imitation Game",2014,https://www.imdb.com/title/tt2084970/?ref_=ref_ext_clz,DVD,,"Mar 29, 2026"
"An Imperfect Murder",2017,https://www.imdb.com/title/tt6469960/?ref_=ref_ext_clz,DVD,,"Mar 05, 2026"
"In Bruges",2008,https://www.imdb.com/title/tt0780536/?ref_=ref_ext_clz,DVD,Universal,"Mar 30, 2026"
"In Good Company",2004,https://www.imdb.com/title/tt0385267/?ref_=ref_ext_clz,DVD,"Entertainment In Video","Mar 29, 2026"
"The Inbetweeners",2011,https://www.imdb.com/title/tt1716772/?ref_=ref_ext_clz,DVD,"Channel 4 DVD","Mar 05, 2026"
"The Inbetweeners",2011,https://www.imdb.com/title/tt1716772/?ref_=ref_ext_clz,DVD,"Channel 4 DVD","Mar 15, 2026"
"The Inbetweeners",2011,https://www.imdb.com/title/tt1716772/?ref_=ref_ext_clz,DVD,"Channel 4 DVD","Mar 16, 2026"
"The Inbetweeners 2",2014,https://www.imdb.com/title/tt3097204/?ref_=ref_ext_clz,DVD,"Channel 4 Television Corporation","Mar 16, 2026"
"The Inbetweeners 2",2014,https://www.imdb.com/title/tt3097204/?ref_=ref_ext_clz,Blu-ray,,"Mar 29, 2026"
"The Inbetweeners: Season 1",2008,https://www.imdb.com/title/tt1220617/?ref_=ref_ext_clz,DVD,,"Mar 12, 2026"
"The Inbetweeners: Season 1",2008,https://www.imdb.com/title/tt1220617/?ref_=ref_ext_clz,DVD,,"Mar 16, 2026"
"The Inbetweeners: Season 1",2008,https://www.imdb.com/title/tt1220617/?ref_=ref_ext_clz,DVD,,"Mar 30, 2026"
"The Inbetweeners: Season 1-2",2008,https://www.imdb.com/title/tt1220617/?ref_=ref_ext_clz,DVD,,"Mar 30, 2026"
"The Inbetweeners: Season 2",2009,https://www.imdb.com/title/tt1220617/?ref_=ref_ext_clz,DVD,,"Mar 16, 2026"
"The Inbetweeners: Season 3",2010,https://www.imdb.com/title/tt1220617/?ref_=ref_ext_clz,DVD,,"Mar 16, 2026"
Inception,2010,https://www.imdb.com/title/tt1375666/?ref_=ref_ext_clz,DVD,"Warner Bros.","Mar 29, 2026"
"Independence Day",1996,https://www.imdb.com/title/tt0116629/?ref_=ref_ext_clz,DVD,"20th Century Fox","Mar 29, 2026"
"The Adventures Of Indiana Jones: The Complete DVD Movie Collection",1999,,DVD,"Paramount Pictures","Mar 29, 2026"
"Infernal Affairs",2002,https://www.imdb.com/title/tt0338564/?ref_=ref_ext_clz,DVD,"Tartan Video","Mar 29, 2026"
"The International",2009,https://www.imdb.com/title/tt0963178/?ref_=ref_ext_clz,DVD,Sony,"Mar 29, 2026"
Ironclad,2011,https://www.imdb.com/title/tt1233301/?ref_=ref_ext_clz,DVD,"Warner Bros.","Mar 29, 2026"
"Isn't It Romantic",2019,https://www.imdb.com/title/tt2452244/?ref_=ref_ext_clz,DVD,,"Mar 05, 2026"
"It's Complicated",2009,https://www.imdb.com/title/tt1230414/?ref_=ref_ext_clz,DVD,Universal,"Mar 12, 2026"
"The Italian Job",1969,https://www.imdb.com/title/tt0064505/?ref_=ref_ext_clz,DVD,"Paramount Home Entertainment (UK)","Mar 05, 2026"
"Jackass Number Two",2006,https://www.imdb.com/title/tt0493430/?ref_=ref_ext_clz,DVD,"Paramount Pictures","Mar 16, 2026"
"James May on the Moon",2009,https://www.imdb.com/title/tt1489904/?ref_=ref_ext_clz,DVD,,"Mar 30, 2026"
"Jason Bourne",2016,https://www.imdb.com/title/tt4196776/?ref_=ref_ext_clz,DVD,Universal,"Mar 15, 2026"
"Jerry Bruckheimer Collection",2011,,DVD,,"Mar 29, 2026"
"Jimmy Carr: Telling Jokes",2009,https://www.imdb.com/title/tt1585985/?ref_=ref_ext_clz,DVD,,"Mar 16, 2026"
"Johnny English",2003,https://www.imdb.com/title/tt0274166/?ref_=ref_ext_clz,DVD,Universal,"Mar 29, 2026"
"Jonathan Creek: Season 1-4",1997,https://www.imdb.com/title/tt0118363/?ref_=ref_ext_clz,DVD,,"Mar 10, 2026"
"Julie & Julia",2009,https://www.imdb.com/title/tt1135503/?ref_=ref_ext_clz,DVD,Sony,"Mar 29, 2026"
"Jumanji: Welcome to the Jungle",2017,https://www.imdb.com/title/tt2283362/?ref_=ref_ext_clz,DVD,Sony,"Mar 29, 2026"
Jumper,2008,https://www.imdb.com/title/tt0489099/?ref_=ref_ext_clz,DVD,"20th Century Fox","Mar 29, 2026"
"Jurassic Park Ultimate Collection: Jurassic Park / Lost World: Jurassic Park / Jurassic Park III",1993,,DVD,Universal,"Mar 29, 2026"
"Jurassic World",2015,https://www.imdb.com/title/tt0369610/?ref_=ref_ext_clz,DVD,,"Mar 05, 2026"
"Just Go with It",2011,https://www.imdb.com/title/tt1564367/?ref_=ref_ext_clz,DVD,,"Mar 16, 2026"
"Kevin & Perry Go Large",2000,https://www.imdb.com/title/tt0205177/?ref_=ref_ext_clz,DVD,"Icon Film Distribution","Mar 29, 2026"
"King Kong",2005,https://www.imdb.com/title/tt0360717/?ref_=ref_ext_clz,DVD,Universal,"Mar 15, 2026"
"The Kite Runner",2007,https://www.imdb.com/title/tt0419887/?ref_=ref_ext_clz,DVD,"Paramount Pictures","Mar 29, 2026"
"The Kite Runner",2007,https://www.imdb.com/title/tt0419887/?ref_=ref_ext_clz,DVD,"Paramount Pictures","Mar 29, 2026"
"Knocked Up",2007,https://www.imdb.com/title/tt0478311/?ref_=ref_ext_clz,DVD,Universal,"Mar 12, 2026"
"Kung Fu Panda Holiday",2010,https://www.imdb.com/title/tt1702433/?ref_=ref_ext_clz,DVD,,"Mar 29, 2026"
Labyrinth,1986,https://www.imdb.com/title/tt0091369/?ref_=ref_ext_clz,DVD,Sony,"Mar 05, 2026"
"The Lady in the Van",2015,https://www.imdb.com/title/tt3722070/?ref_=ref_ext_clz,DVD,Sony,"Mar 16, 2026"
"Lara Croft: Tomb Raider",2001,https://www.imdb.com/title/tt0146316/?ref_=ref_ext_clz,DVD,"Paramount Pictures","Mar 05, 2026"
"Lara Croft: Tomb Raider - The Cradle of Life",2003,https://www.imdb.com/title/tt0325703/?ref_=ref_ext_clz,DVD,"Paramount Pictures","Mar 05, 2026"
"The Last King of Scotland",2006,https://www.imdb.com/title/tt0455590/?ref_=ref_ext_clz,DVD,"20th Century Fox","Mar 15, 2026"
"The Last Ship: Season 1",2014,https://www.imdb.com/title/tt2402207/?ref_=ref_ext_clz,DVD,,"Mar 10, 2026"
"The Last Ship: Season 4",2017,https://www.imdb.com/title/tt2402207/?ref_=ref_ext_clz,Blu-ray,,"Mar 10, 2026"
"The Last Witch Hunter",2015,https://www.imdb.com/title/tt1618442/?ref_=ref_ext_clz,DVD,,"Mar 05, 2026"
"Law Abiding Citizen",2009,https://www.imdb.com/title/tt1197624/?ref_=ref_ext_clz,DVD,,"Mar 29, 2026"
"Lawrence of Arabia",1962,https://www.imdb.com/title/tt0056172/?ref_=ref_ext_clz,DVD,Sony,"Mar 29, 2026"
"The League of Extraordinary Gentlemen",2003,https://www.imdb.com/title/tt0311429/?ref_=ref_ext_clz,DVD,"20th Century Fox","Mar 29, 2026"
"The League of Gentlemen's Apocalypse",2005,https://www.imdb.com/title/tt0435687/?ref_=ref_ext_clz,DVD,Universal,"Mar 30, 2026"
"The Legend of Tarzan",2016,https://www.imdb.com/title/tt0918940/?ref_=ref_ext_clz,DVD,,"Mar 05, 2026"
"Lethal Weapon Collection",2012,,DVD,"Warner Bros.","Mar 05, 2026"
"Lethal Weapon Collection",2012,,DVD,"Warner Bros.","Mar 29, 2026"
"Liar Liar",1997,https://www.imdb.com/title/tt0119528/?ref_=ref_ext_clz,DVD,Universal,"Mar 29, 2026"
"Lie to Me: Season 1",2009,https://www.imdb.com/title/tt1235099/?ref_=ref_ext_clz,DVD,"20th Century Fox","Mar 12, 2026"
Life,1999,https://www.imdb.com/title/tt0123964/?ref_=ref_ext_clz,DVD,Universal,"Mar 30, 2026"
"Life On Earth:",1979,https://www.imdb.com/title/tt0135095/?ref_=ref_ext_clz,DVD,"2 Entertain Video","Mar 29, 2026"
"Life: Season 1",2010,https://www.imdb.com/title/tt1533395/?ref_=ref_ext_clz,DVD,,"Mar 10, 2026"
"Lilo & Stitch 2: Stitch Has a Glitch",2005,https://www.imdb.com/title/tt0457993/?ref_=ref_ext_clz,DVD,Disney,"Mar 30, 2026"
"Limitless: Season 1",2015,https://www.imdb.com/title/tt4422836/?ref_=ref_ext_clz,DVD,,"Mar 30, 2026"
"Little Britain: Series 1",2003,https://www.imdb.com/title/tt0358856/?ref_=ref_ext_clz,DVD,"2 Entertain Video","Mar 15, 2026"
"Little Britain: Series 2",2004,https://www.imdb.com/title/tt0358856/?ref_=ref_ext_clz,DVD,"2 Entertain Video","Mar 12, 2026"
"Live Free or Die Hard",2007,https://www.imdb.com/title/tt0337978/?ref_=ref_ext_clz,DVD,"20th Century Fox","Mar 29, 2026"
"The Longest Yard",2005,https://www.imdb.com/title/tt0398165/?ref_=ref_ext_clz,DVD,Sony,"Mar 16, 2026"
"The Longest Yard",2005,https://www.imdb.com/title/tt0398165/?ref_=ref_ext_clz,DVD,Sony,"Mar 29, 2026"
"The Lord of the Rings: The Fellowship of the Ring",2001,https://www.imdb.com/title/tt0120737/?ref_=ref_ext_clz,DVD,"Entertainment In Video","Mar 29, 2026"
"The Lord Of The Rings: The Motion Picture Trilogy",2004,,DVD,,"Mar 29, 2026"
"The Lord of the Rings: The Two Towers",2002,https://www.imdb.com/title/tt0167261/?ref_=ref_ext_clz,DVD,"Entertainment In Video","Mar 29, 2026"
"The Losers",2010,https://www.imdb.com/title/tt0480255/?ref_=ref_ext_clz,DVD,"Optimum Home Entertainment","Mar 29, 2026"
"Lost in Translation",2003,https://www.imdb.com/title/tt0335266/?ref_=ref_ext_clz,DVD,"Momentum Pictures","Mar 29, 2026"
"Lost in Translation",2003,https://www.imdb.com/title/tt0335266/?ref_=ref_ext_clz,DVD,"Momentum Pictures","Mar 29, 2026"
"Lost: Season 1",2005,https://www.imdb.com/title/tt0411008/?ref_=ref_ext_clz,DVD,"Walt Disney","Mar 10, 2026"
"Lost: Season 2",2005,https://www.imdb.com/title/tt0411008/?ref_=ref_ext_clz,DVD,"Buena Vista Home Entertainment","Mar 05, 2026"
"Lost: Season 2",2005,https://www.imdb.com/title/tt0411008/?ref_=ref_ext_clz,DVD,"Buena Vista Home Entertainment","Mar 05, 2026"
"Lost: Season 2",2005,https://www.imdb.com/title/tt0411008/?ref_=ref_ext_clz,DVD,,"Mar 10, 2026"
"Lost: Season 4",2008,https://www.imdb.com/title/tt0411008/?ref_=ref_ext_clz,DVD,"Buena Vista","Mar 10, 2026"
"Luther: Season 1",2010,https://www.imdb.com/title/tt1474684/?ref_=ref_ext_clz,DVD,,"Mar 05, 2026"
"Mad Men: Season 1",2007,https://www.imdb.com/title/tt0804503/?ref_=ref_ext_clz,DVD,"Lions Gate","Mar 05, 2026"
"Mad Men: Season 2",2008,https://www.imdb.com/title/tt0804503/?ref_=ref_ext_clz,DVD,,"Mar 05, 2026"
"Mad Men: Season 3",2009,https://www.imdb.com/title/tt0804503/?ref_=ref_ext_clz,DVD,,"Mar 05, 2026"
"Mad Men: Season 4",2010,https://www.imdb.com/title/tt0804503/?ref_=ref_ext_clz,DVD,,"Mar 10, 2026"
"Mad Men: Season 4",2010,https://www.imdb.com/title/tt0804503/?ref_=ref_ext_clz,DVD,,"Mar 30, 2026"
"Made in Britain",1982,https://www.imdb.com/title/tt0084287/?ref_=ref_ext_clz,DVD,,"Mar 05, 2026"
"Magic Mike",2012,https://www.imdb.com/title/tt1915581/?ref_=ref_ext_clz,DVD,,"Mar 29, 2026"
"Mama Mia!",2008,https://www.imdb.com/title/tt0795421/?ref_=ref_ext_clz,DVD,Universal,"Mar 29, 2026"
"Mamma Mia! Here We Go Again",2018,https://www.imdb.com/title/tt6911608/?ref_=ref_ext_clz,DVD,,"Mar 29, 2026"
"Marley & Me",2008,https://www.imdb.com/title/tt0822832/?ref_=ref_ext_clz,DVD,"20th Century Fox","Mar 29, 2026"
"Marley & Me",2008,https://www.imdb.com/title/tt0822832/?ref_=ref_ext_clz,DVD,"20th Century Fox","Mar 30, 2026"
"The Martian",2015,https://www.imdb.com/title/tt3659388/?ref_=ref_ext_clz,DVD,,"Mar 05, 2026"
"The Matrix Reloaded",2003,https://www.imdb.com/title/tt0234215/?ref_=ref_ext_clz,DVD,"Warner Bros.","Mar 15, 2026"
"The Matrix Reloaded",2003,https://www.imdb.com/title/tt0234215/?ref_=ref_ext_clz,DVD,"Warner Bros.","Mar 29, 2026"
"The Matrix Revolutions",2003,https://www.imdb.com/title/tt0242653/?ref_=ref_ext_clz,DVD,,"Mar 29, 2026"
"Meet The Parents / Meet The Fockers",2000,,DVD,,"Mar 16, 2026"
"Men in Black / Men in Black II",2002,,DVD,,"Mar 29, 2026"
"Merlin: Season 3",2011,https://www.imdb.com/title/tt1199099/?ref_=ref_ext_clz,DVD,,"Mar 10, 2026"
"Merry Madagascar",2009,https://www.imdb.com/title/tt1526300/?ref_=ref_ext_clz,DVD,Dreamworks,"Mar 29, 2026"
"Miranda: Series 1-2",2009,https://www.imdb.com/title/tt1533435/?ref_=ref_ext_clz,DVD,,"Mar 05, 2026"
Misbehaviour,2020,https://www.imdb.com/title/tt9148706/?ref_=ref_ext_clz,DVD,,"Mar 05, 2026"
"Les Misérables",2012,https://www.imdb.com/title/tt1707386/?ref_=ref_ext_clz,DVD,,"Mar 29, 2026"
"Misfits: Season 1",2012,https://www.imdb.com/title/tt1548850/?ref_=ref_ext_clz,DVD,,"Mar 12, 2026"
"Miss Congeniality",2000,https://www.imdb.com/title/tt0212346/?ref_=ref_ext_clz,DVD,"Warner Bros.","Mar 16, 2026"
"Miss Congeniality 2: Armed & Fabulous",2005,https://www.imdb.com/title/tt0385307/?ref_=ref_ext_clz,DVD,"Warner Bros.","Mar 15, 2026"
"Mission: Impossible - Ghost Protocol",2011,https://www.imdb.com/title/tt1229238/?ref_=ref_ext_clz,DVD,,"Mar 29, 2026"
"Mistresses: Series 3",2010,https://www.imdb.com/title/tt0969007/?ref_=ref_ext_clz,DVD,,"Mar 30, 2026"
"Money Plane",2020,https://www.imdb.com/title/tt7286966/?ref_=ref_ext_clz,DVD,,"Mar 05, 2026"
Monster-in-Law,2005,https://www.imdb.com/title/tt0369735/?ref_=ref_ext_clz,DVD,"Entertainment In Video","Mar 12, 2026"
"Monsters vs. Aliens",2009,https://www.imdb.com/title/tt0892782/?ref_=ref_ext_clz,DVD,"Paramount Pictures","Mar 30, 2026"
"Monsters, Inc.",2001,https://www.imdb.com/title/tt0198781/?ref_=ref_ext_clz,DVD,"Buena Vista Home Entertainment","Mar 29, 2026"
"Monty Python: The Movies",1969,,DVD,Sony,"Mar 29, 2026"
"The Mortal Instruments: City of Bones",2013,https://www.imdb.com/title/tt1538403/?ref_=ref_ext_clz,DVD,,"Mar 05, 2026"
"Mr. & Mrs. Smith",2005,https://www.imdb.com/title/tt0356910/?ref_=ref_ext_clz,DVD,"20th Century Fox","Mar 16, 2026"
"Mr. Deeds",2002,https://www.imdb.com/title/tt0280590/?ref_=ref_ext_clz,DVD,,"Mar 16, 2026"
"Mrs Brown's Boys: Big Box Series 1,2 & 3",2011,https://www.imdb.com/title/tt1819022/?ref_=ref_ext_clz,DVD,,"Mar 12, 2026"
"Mrs Brown's Boys: Merry Mishaps",2020,,DVD,,"Mar 05, 2026"
"Mrs Brown's Boys: Series One",2019,https://www.imdb.com/title/tt1819022/?ref_=ref_ext_clz,DVD,Universal,"Mar 30, 2026"
"Mrs Brown's Boys: Series Two",2019,https://www.imdb.com/title/tt1819022/?ref_=ref_ext_clz,DVD,Universal,"Mar 12, 2026"
"Mrs Brown's Boys: Series Two",2019,https://www.imdb.com/title/tt1819022/?ref_=ref_ext_clz,DVD,Universal,"Mar 16, 2026"
"Mrs Brown's Boys: Series Two",2019,https://www.imdb.com/title/tt1819022/?ref_=ref_ext_clz,DVD,Universal,"Mar 16, 2026"
"The Mule",2018,https://www.imdb.com/title/tt7959026/?ref_=ref_ext_clz,DVD,"Warner Bros.","Mar 05, 2026"
"My Best Friend's Girl",2008,https://www.imdb.com/title/tt1046163/?ref_=ref_ext_clz,DVD,,"Mar 16, 2026"
"My Big Fat Greek Wedding",2002,https://www.imdb.com/title/tt0259446/?ref_=ref_ext_clz,DVD,"Entertainment In Video","Mar 29, 2026"
"My Cousin Vinny",1992,https://www.imdb.com/title/tt0104952/?ref_=ref_ext_clz,DVD,"20th Century Fox","Mar 30, 2026"
"My Name Is Earl: Season 2",2006,https://www.imdb.com/title/tt0460091/?ref_=ref_ext_clz,DVD,,"Mar 30, 2026"
"My Name Is Earl: Season 4",2009,https://www.imdb.com/title/tt0460091/?ref_=ref_ext_clz,DVD,,"Mar 30, 2026"
"Nanny McPhee",2005,https://www.imdb.com/title/tt0396752/?ref_=ref_ext_clz,DVD,Universal,"Mar 29, 2026"
"Nativity 2: Danger in the Manger!",2012,https://www.imdb.com/title/tt2089750/?ref_=ref_ext_clz,DVD,,"Mar 29, 2026"
"NCIS: Season 12",2014,https://www.imdb.com/title/tt0364845/?ref_=ref_ext_clz,DVD,"CBS DVD","Mar 05, 2026"
"NCIS: Season 11",2013,https://www.imdb.com/title/tt0364845/?ref_=ref_ext_clz,DVD,,"Mar 10, 2026"
"Need for Speed",2014,https://www.imdb.com/title/tt2369135/?ref_=ref_ext_clz,DVD,Dreamworks,"Mar 05, 2026"
Neighbors,2014,https://www.imdb.com/title/tt2004420/?ref_=ref_ext_clz,DVD,Universal,"Mar 30, 2026"
"New Girl: Season 4",2014,https://www.imdb.com/title/tt1826940/?ref_=ref_ext_clz,DVD,,"Mar 16, 2026"
"New Year's Eve",2011,https://www.imdb.com/title/tt1598822/?ref_=ref_ext_clz,DVD,"Warner Bros.","Mar 05, 2026"
"The Nightmare Before Christmas",1993,https://www.imdb.com/title/tt0107688/?ref_=ref_ext_clz,DVD,"Touchstone Home Video","Mar 30, 2026"
"No Offence: Series 1&2",2015,https://www.imdb.com/title/tt3922704/?ref_=ref_ext_clz,DVD,,"Mar 30, 2026"
"No Strings Attached",2011,https://www.imdb.com/title/tt1411238/?ref_=ref_ext_clz,DVD,"Paramount Pictures","Mar 29, 2026"
"Not Another Teen Movie",2001,https://www.imdb.com/title/tt0277371/?ref_=ref_ext_clz,DVD,Sony,"Mar 15, 2026"
"Not Another Teen Movie",2001,https://www.imdb.com/title/tt0277371/?ref_=ref_ext_clz,DVD,,"Mar 29, 2026"
"Not Going Out: Series 2",2007,https://www.imdb.com/title/tt0862614/?ref_=ref_ext_clz,DVD,,"Mar 29, 2026"
"Not Going Out: Series 3",2009,https://www.imdb.com/title/tt0862614/?ref_=ref_ext_clz,DVD,,"Mar 29, 2026"
"The Nutty Professor",1996,https://www.imdb.com/title/tt0117218/?ref_=ref_ext_clz,DVD,Universal,"Mar 16, 2026"
"The O.C.:  Season 2",2005,https://www.imdb.com/title/tt0362359/?ref_=ref_ext_clz,DVD,Fact,"Mar 05, 2026"
"The O.C.:  Season 4",2006,https://www.imdb.com/title/tt0362359/?ref_=ref_ext_clz,DVD,Fact,"Mar 05, 2026"
"The O.C.: Season 3",2005,https://www.imdb.com/title/tt0362359/?ref_=ref_ext_clz,DVD,Fact,"Mar 05, 2026"
"Observe and Report",2009,https://www.imdb.com/title/tt1197628/?ref_=ref_ext_clz,DVD,,"Mar 16, 2026"
Octopussy,1983,https://www.imdb.com/title/tt0086034/?ref_=ref_ext_clz,DVD,"MGM Entertainment","Mar 15, 2026"
"Old School",2003,https://www.imdb.com/title/tt0302886/?ref_=ref_ext_clz,DVD,,"Mar 30, 2026"
"One Day",2011,https://www.imdb.com/title/tt1563738/?ref_=ref_ext_clz,DVD,,"Mar 29, 2026"
"Only Fools And Horses: Series 6",1989,https://www.imdb.com/title/tt0081912/?ref_=ref_ext_clz,DVD,,"Mar 30, 2026"
"Outnumbered: Season 1-2",2007,https://www.imdb.com/title/tt1086191/?ref_=ref_ext_clz,DVD,,"Mar 12, 2026"
"Outnumbered: Season 1-4",2007,https://www.imdb.com/title/tt1086191/?ref_=ref_ext_clz,DVD,,"Mar 12, 2026"
"Outnumbered: Season 2",2008,https://www.imdb.com/title/tt1086191/?ref_=ref_ext_clz,DVD,,"Mar 16, 2026"
"Pacific Rim",2013,https://www.imdb.com/title/tt1663662/?ref_=ref_ext_clz,DVD,"Warner Bros.","Mar 05, 2026"
"The Parole Officer",2001,https://www.imdb.com/title/tt0283534/?ref_=ref_ext_clz,DVD,Universal,"Mar 29, 2026"
"Paul Blart: Mall Cop",2009,https://www.imdb.com/title/tt1114740/?ref_=ref_ext_clz,DVD,Sony,"Mar 29, 2026"
"Paul Blart: Mall Cop 2",2015,https://www.imdb.com/title/tt3450650/?ref_=ref_ext_clz,DVD,Sony,"Mar 05, 2026"
"Peaky Blinders: Season 4",2017,https://www.imdb.com/title/tt2442560/?ref_=ref_ext_clz,DVD,,"Mar 10, 2026"
"The Phoenix Rises",2012,https://www.imdb.com/title/tt2511058/?ref_=ref_ext_clz,DVD,,"Mar 30, 2026"
"Pitch Perfect",2012,https://www.imdb.com/title/tt1981677/?ref_=ref_ext_clz,DVD,Universal,"Mar 16, 2026"
"Pitch Perfect 2",2015,https://www.imdb.com/title/tt2848292/?ref_=ref_ext_clz,DVD,Universal,"Mar 12, 2026"
Pixels,2015,https://www.imdb.com/title/tt2120120/?ref_=ref_ext_clz,DVD,,"Mar 30, 2026"
"Planet Earth: The Complete Series",2007,,DVD,"2 Entertain Video","Mar 10, 2026"
"Pretty Woman",1990,https://www.imdb.com/title/tt0100405/?ref_=ref_ext_clz,DVD,"Touchstone Home Video","Mar 29, 2026"
"Pride & Prejudice",2005,https://www.imdb.com/title/tt0414387/?ref_=ref_ext_clz,DVD,Universal,"Mar 15, 2026"
"Prison Break: Season 1",2005,https://www.imdb.com/title/tt0455275/?ref_=ref_ext_clz,DVD,"20th Century Fox","Mar 05, 2026"
"Prison Break: Season 2",2006,https://www.imdb.com/title/tt0455275/?ref_=ref_ext_clz,DVD,"20th Century Fox","Mar 10, 2026"
Prometheus,2012,https://www.imdb.com/title/tt1446714/?ref_=ref_ext_clz,DVD,"20th Century Fox","Mar 29, 2026"
"Psych: Season 6",2011,https://www.imdb.com/title/tt0491738/?ref_=ref_ext_clz,DVD,,"Mar 29, 2026"
Rambo,2008,https://www.imdb.com/title/tt0462499/?ref_=ref_ext_clz,DVD,,"Mar 29, 2026"
Rambo,2008,https://www.imdb.com/title/tt0462499/?ref_=ref_ext_clz,DVD,"Lion's Gate Home Entertainment","Mar 29, 2026"
"Red Riding Hood",2011,https://www.imdb.com/title/tt1486185/?ref_=ref_ext_clz,DVD,"Warner Bros.","Mar 29, 2026"
"Richard Hammond's Top Gear Interactive Challenge",2007,,DVD,,"Mar 30, 2026"
"The Ring / The Ring 2",2008,,DVD,,"Mar 29, 2026"
"Rise of the Guardians",2012,https://www.imdb.com/title/tt1446192/?ref_=ref_ext_clz,DVD,,"Mar 29, 2026"
"Rise of the Planet of the Apes",2011,https://www.imdb.com/title/tt1318514/?ref_=ref_ext_clz,DVD,,"Mar 29, 2026"
"Road Trip",2000,https://www.imdb.com/title/tt0215129/?ref_=ref_ext_clz,DVD,Dreamworks,"Mar 16, 2026"
"Robert De Niro Collection",2002,,DVD,,"Mar 29, 2026"
"Robin Hood: Prince of Thieves",1991,https://www.imdb.com/title/tt0102798/?ref_=ref_ext_clz,DVD,"Warner Bros.","Mar 29, 2026"
"Robocop Trilogy",2004,,DVD,"MGM Entertainment","Mar 29, 2026"
RocknRolla,2008,https://www.imdb.com/title/tt1032755/?ref_=ref_ext_clz,DVD,"Warner Bros.","Mar 30, 2026"
"Rocky: The Complete Saga",2007,,DVD,"MGM Entertainment","Mar 29, 2026"
"Role Models",2008,https://www.imdb.com/title/tt0430922/?ref_=ref_ext_clz,DVD,Universal,"Mar 30, 2026"
"Romesh Ranganathan: Irrational Live",,,DVD,,"Mar 16, 2026"
"The Rover",2014,https://www.imdb.com/title/tt2345737/?ref_=ref_ext_clz,DVD,,"Mar 29, 2026"
"Rumor Has It...",2005,https://www.imdb.com/title/tt0398375/?ref_=ref_ext_clz,DVD,"Warner Bros.","Mar 29, 2026"
"Run Fatboy Run",2007,https://www.imdb.com/title/tt0425413/?ref_=ref_ext_clz,DVD,"Entertainment In Video","Mar 16, 2026"
"Russell Brand: Scandalous",2009,https://www.imdb.com/title/tt1692221/?ref_=ref_ext_clz,DVD,,"Mar 16, 2026"
"Save the Last Dance",2001,https://www.imdb.com/title/tt0206275/?ref_=ref_ext_clz,DVD,"Paramount Pictures","Mar 05, 2026"
"Saving Mr. Banks",2013,https://www.imdb.com/title/tt2140373/?ref_=ref_ext_clz,DVD,"Walt Disney","Mar 29, 2026"
"Scary Movie",2000,https://www.imdb.com/title/tt0175142/?ref_=ref_ext_clz,DVD,"Hollywood Pictures Home Video","Mar 05, 2026"
"Scary Movie",2000,https://www.imdb.com/title/tt0175142/?ref_=ref_ext_clz,DVD,"Hollywood Pictures Home Video","Mar 12, 2026"
"Scary Movie 3",2003,https://www.imdb.com/title/tt0306047/?ref_=ref_ext_clz,DVD,"Buena Vista","Mar 12, 2026"
"The Scary Movie Trilogy",2001,,DVD,,"Mar 10, 2026"
"School of Rock",2003,https://www.imdb.com/title/tt0332379/?ref_=ref_ext_clz,DVD,"Paramount Pictures","Mar 29, 2026"
"Scream 6 Movie Collection",,,DVD,,"Mar 10, 2026"
"Scrubs: Season 1",2001,https://www.imdb.com/title/tt0285403/?ref_=ref_ext_clz,DVD,Disney,"Mar 30, 2026"
"Scrubs: Season 2",2003,https://www.imdb.com/title/tt0285403/?ref_=ref_ext_clz,DVD,"Buena Vista Home Entertainment","Mar 30, 2026"
"Scrubs: Season 3",2004,https://www.imdb.com/title/tt0285403/?ref_=ref_ext_clz,DVD,"Buena Vista Home Entertainment","Mar 30, 2026"
"Scrubs: Season 4",2004,https://www.imdb.com/title/tt0285403/?ref_=ref_ext_clz,DVD,"Buena Vista Home Entertainment","Mar 30, 2026"
"Scrubs: Season 5",2006,https://www.imdb.com/title/tt0285403/?ref_=ref_ext_clz,DVD,"Buena Vista Home Entertainment","Mar 30, 2026"
"Scrubs: Season 6",2006,https://www.imdb.com/title/tt0285403/?ref_=ref_ext_clz,DVD,,"Mar 30, 2026"
"The Second Jungle Book: Mowgli & Baloo",1997,https://www.imdb.com/title/tt0120087/?ref_=ref_ext_clz,DVD,,"Mar 15, 2026"
"The Secret Life of Pets",2016,https://www.imdb.com/title/tt2709768/?ref_=ref_ext_clz,DVD,,"Mar 12, 2026"
"Semper Fi",2019,https://www.imdb.com/title/tt7042838/?ref_=ref_ext_clz,DVD,,"Mar 29, 2026"
"A Series of Unfortunate Events",2004,https://www.imdb.com/title/tt0339291/?ref_=ref_ext_clz,DVD,,"Mar 29, 2026"
"Serving Sara",2002,https://www.imdb.com/title/tt0261289/?ref_=ref_ext_clz,DVD,"Pathe Distribution","Mar 16, 2026"
"Seven Brides for Seven Brothers",1954,https://www.imdb.com/title/tt0047472/?ref_=ref_ext_clz,DVD,,"Mar 05, 2026"
"Sex and the City 2",2010,https://www.imdb.com/title/tt1261945/?ref_=ref_ext_clz,DVD,"New Line Cinema","Mar 30, 2026"
"Sex And The City: Season 1",1998,https://www.imdb.com/title/tt0159206/?ref_=ref_ext_clz,DVD,,"Mar 10, 2026"
"Sex And The City: Season 1-6",1998,https://www.imdb.com/title/tt0159206/?ref_=ref_ext_clz,DVD,,"Mar 05, 2026"
"Sex And The City: Season 1-6",1998,https://www.imdb.com/title/tt0159206/?ref_=ref_ext_clz,DVD,"Warner Bros.","Mar 10, 2026"
"Sex And The City: Season 2",1999,https://www.imdb.com/title/tt0159206/?ref_=ref_ext_clz,DVD,,"Mar 10, 2026"
"Sex And The City: Season 4",2002,https://www.imdb.com/title/tt0159206/?ref_=ref_ext_clz,DVD,,"Mar 05, 2026"
"Sex And The City: Season 5",2002,https://www.imdb.com/title/tt0159206/?ref_=ref_ext_clz,DVD,,"Mar 05, 2026"
"Sex And The City: Season 6",2003,https://www.imdb.com/title/tt0159206/?ref_=ref_ext_clz,DVD,,"Mar 10, 2026"
"Sex And The City: The Essential Collection",1998,https://www.imdb.com/title/tt0159206/?ref_=ref_ext_clz,DVD,,"Mar 05, 2026"
"Sex And The City: The Essential Collection",1998,https://www.imdb.com/title/tt0159206/?ref_=ref_ext_clz,DVD,,"Mar 10, 2026"
"Shaun of the Dead",2004,https://www.imdb.com/title/tt0365748/?ref_=ref_ext_clz,DVD,Universal,"Mar 12, 2026"
"Shaun of the Dead",2004,https://www.imdb.com/title/tt0365748/?ref_=ref_ext_clz,DVD,Universal,"Mar 29, 2026"
"The Shawshank Redemption",1994,https://www.imdb.com/title/tt0111161/?ref_=ref_ext_clz,DVD,,"Mar 29, 2026"
"Sherlock Holmes",2009,https://www.imdb.com/title/tt0988045/?ref_=ref_ext_clz,DVD,,"Mar 29, 2026"
"Sherlock: Season 1",2010,https://www.imdb.com/title/tt1475582/?ref_=ref_ext_clz,DVD,,"Mar 12, 2026"
"Sherlock: Season 2",2012,https://www.imdb.com/title/tt1475582/?ref_=ref_ext_clz,DVD,"2 Entertain Video","Mar 05, 2026"
"A Single Man",2009,https://www.imdb.com/title/tt1315981/?ref_=ref_ext_clz,DVD,,"Mar 29, 2026"
"Sister Act",1992,https://www.imdb.com/title/tt0105417/?ref_=ref_ext_clz,DVD,Disney,"Mar 12, 2026"
"Sister Act / Sister Act 2: Back In The Habit",2002,,DVD,,"Mar 29, 2026"
"Skins: Series 1-3",2007,https://www.imdb.com/title/tt0840196/?ref_=ref_ext_clz,DVD,,"Mar 10, 2026"
"Skins: Series 1-3",2007,https://www.imdb.com/title/tt0840196/?ref_=ref_ext_clz,DVD,,"Mar 12, 2026"
"Slumdog Millionaire",2008,https://www.imdb.com/title/tt1010048/?ref_=ref_ext_clz,DVD,"20th Century Fox","Mar 29, 2026"
"Smallville: Season 1",2001,https://www.imdb.com/title/tt0279600/?ref_=ref_ext_clz,DVD,,"Mar 10, 2026"
"Smallville: Season 2",2003,https://www.imdb.com/title/tt0279600/?ref_=ref_ext_clz,DVD,"Warner Bros.","Mar 10, 2026"
"Smallville: Season 2",2003,https://www.imdb.com/title/tt0279600/?ref_=ref_ext_clz,DVD,"Warner Bros.","Mar 10, 2026"
"Smallville: Season 3",2004,https://www.imdb.com/title/tt0279600/?ref_=ref_ext_clz,DVD,,"Mar 10, 2026"
"Smallville: Season 4",2005,https://www.imdb.com/title/tt0279600/?ref_=ref_ext_clz,DVD,,"Mar 10, 2026"
"Smallville: Season 5",2005,https://www.imdb.com/title/tt0279600/?ref_=ref_ext_clz,DVD,"Warner Bros.","Mar 10, 2026"
"Smallville: Season 6",2006,https://www.imdb.com/title/tt0279600/?ref_=ref_ext_clz,DVD,,"Mar 10, 2026"
"The Smurfs",2011,https://www.imdb.com/title/tt0472181/?ref_=ref_ext_clz,DVD,,"Mar 29, 2026"
"The Smurfs",2011,https://www.imdb.com/title/tt0472181/?ref_=ref_ext_clz,DVD,,"Mar 29, 2026"
Snatch,2000,https://www.imdb.com/title/tt0208092/?ref_=ref_ext_clz,DVD,Sony,"Mar 05, 2026"
Snatch,2000,https://www.imdb.com/title/tt0208092/?ref_=ref_ext_clz,DVD,Sony,"Mar 15, 2026"
Snatch,2000,https://www.imdb.com/title/tt0208092/?ref_=ref_ext_clz,DVD,Sony,"Mar 29, 2026"
Snatch,2000,https://www.imdb.com/title/tt0208092/?ref_=ref_ext_clz,DVD,Sony,"Mar 29, 2026"
"The Social Network",2010,https://www.imdb.com/title/tt1285016/?ref_=ref_ext_clz,DVD,,"Mar 29, 2026"
"Some Like It Hot",1959,https://www.imdb.com/title/tt0053291/?ref_=ref_ext_clz,DVD,"MGM Entertainment","Mar 05, 2026"
"The Sopranos: Season 2",2000,https://www.imdb.com/title/tt0141842/?ref_=ref_ext_clz,DVD,,"Mar 10, 2026"
"The Sopranos: Season 5",2004,https://www.imdb.com/title/tt0141842/?ref_=ref_ext_clz,DVD,"HBO Home Video","Mar 10, 2026"
"The Sound of Music",1965,https://www.imdb.com/title/tt0059742/?ref_=ref_ext_clz,DVD,,"Mar 05, 2026"
"South Park: Season 1",1997,https://www.imdb.com/title/tt0121955/?ref_=ref_ext_clz,DVD,,"Mar 29, 2026"
"South Park: Season 2",1998,https://www.imdb.com/title/tt0121955/?ref_=ref_ext_clz,DVD,,"Mar 29, 2026"
"South Park: Season 2",1998,https://www.imdb.com/title/tt0121955/?ref_=ref_ext_clz,DVD,,"Mar 29, 2026"
"South Park: Season 2",1998,https://www.imdb.com/title/tt0121955/?ref_=ref_ext_clz,DVD,,"Mar 29, 2026"
"Space Chimps",2008,https://www.imdb.com/title/tt0482603/?ref_=ref_ext_clz,DVD,"Entertainment In Video","Mar 29, 2026"
"Spaced: Season 1-2",1999,https://www.imdb.com/title/tt0187664/?ref_=ref_ext_clz,DVD,,"Mar 29, 2026"
"Spooks: Season 10",2011,https://www.imdb.com/title/tt0160904/?ref_=ref_ext_clz,DVD,,"Mar 15, 2026"
"Spooks: Season 2",2003,https://www.imdb.com/title/tt0160904/?ref_=ref_ext_clz,DVD,,"Mar 15, 2026"
"Spooks: Season 2",2003,https://www.imdb.com/title/tt0160904/?ref_=ref_ext_clz,DVD,,"Mar 30, 2026"
"Spooks: Season 3",2004,https://www.imdb.com/title/tt0160904/?ref_=ref_ext_clz,DVD,,"Mar 05, 2026"
"Spooks: Season 4",2005,https://www.imdb.com/title/tt0160904/?ref_=ref_ext_clz,DVD,"Contender Entertainment Group","Mar 05, 2026"
"Spooks: Season 4",2005,https://www.imdb.com/title/tt0160904/?ref_=ref_ext_clz,DVD,"Contender Entertainment Group","Mar 30, 2026"
"Spooks: Season 5",2006,https://www.imdb.com/title/tt0160904/?ref_=ref_ext_clz,DVD,"Contender Entertainment Group","Mar 10, 2026"
"Spooks: Season 6",2007,https://www.imdb.com/title/tt0160904/?ref_=ref_ext_clz,DVD,,"Mar 05, 2026"
"St Trinian's 2: The Legend of Fritton's Gold",2009,https://www.imdb.com/title/tt1210106/?ref_=ref_ext_clz,DVD,"Entertainment In Video","Mar 10, 2026"
"St. Trinian's",2007,https://www.imdb.com/title/tt0964587/?ref_=ref_ext_clz,DVD,"Entertainment In Video","Mar 10, 2026"
"Star Trek IV: The Voyage Home",1986,https://www.imdb.com/title/tt0092007/?ref_=ref_ext_clz,DVD,"Paramount Pictures","Mar 05, 2026"
"Star Wars: Episode II - Attack of the Clones",2002,https://www.imdb.com/title/tt0121765/?ref_=ref_ext_clz,DVD,"20th Century Fox","Mar 29, 2026"
"Step Brothers",2008,https://www.imdb.com/title/tt0838283/?ref_=ref_ext_clz,DVD,Sony,"Mar 16, 2026"
"Step Up / Honey / You Got Served",,,DVD,,"Mar 05, 2026"
"Step Up 2: The Streets",2008,https://www.imdb.com/title/tt1023481/?ref_=ref_ext_clz,DVD,Universal,"Mar 05, 2026"
"Step Up 2: The Streets",2008,https://www.imdb.com/title/tt1023481/?ref_=ref_ext_clz,DVD,Universal,"Mar 29, 2026"
"Step Up 3D",2010,https://www.imdb.com/title/tt1193631/?ref_=ref_ext_clz,DVD,,"Mar 05, 2026"
"Stieg Larssons Millennium Trilogy",2009,,DVD,"Momentum Pictures","Mar 29, 2026"
"Sugar Rush: The Complete First Series",2005,https://www.imdb.com/title/tt0452568/?ref_=ref_ext_clz,DVD,,"Mar 05, 2026"
"Suits - Seasons 1 To 5",2011,https://www.imdb.com/title/tt1632701/?ref_=ref_ext_clz,DVD,,"Mar 10, 2026"
Sunshine,2007,https://www.imdb.com/title/tt0448134/?ref_=ref_ext_clz,DVD,"20th Century Fox","Mar 29, 2026"
"Super 8",2011,https://www.imdb.com/title/tt1650062/?ref_=ref_ext_clz,DVD,"Paramount Pictures","Mar 29, 2026"
Superbad,2007,https://www.imdb.com/title/tt0829482/?ref_=ref_ext_clz,DVD,Sony,"Mar 29, 2026"
"Superman Returns",2006,https://www.imdb.com/title/tt0348150/?ref_=ref_ext_clz,DVD,"Warner Bros.","Mar 15, 2026"
"Supernatural: Season 1",2005,https://www.imdb.com/title/tt0460681/?ref_=ref_ext_clz,DVD,"Warner Bros.","Mar 05, 2026"
"Supernatural: Season 1",2005,https://www.imdb.com/title/tt0460681/?ref_=ref_ext_clz,DVD,"Warner Bros.","Mar 10, 2026"
"Supernatural: Season 2",2006,https://www.imdb.com/title/tt0460681/?ref_=ref_ext_clz,DVD,"Warner Bros.","Mar 10, 2026"
"Supernatural: Season 3",2007,https://www.imdb.com/title/tt0460681/?ref_=ref_ext_clz,DVD,"Warner Bros.","Mar 05, 2026"
"Surviving Christmas",2004,https://www.imdb.com/title/tt0252028/?ref_=ref_ext_clz,DVD,,"Mar 16, 2026"
"The Taking of Pelham 123",2009,https://www.imdb.com/title/tt1111422/?ref_=ref_ext_clz,DVD,Sony,"Mar 29, 2026"
"Talladega Nights: The Ballad of Ricky Bobby",2006,https://www.imdb.com/title/tt0415306/?ref_=ref_ext_clz,DVD,Sony,"Mar 29, 2026"
Ted,2012,https://www.imdb.com/title/tt1637725/?ref_=ref_ext_clz,DVD,,"Mar 12, 2026"
Ted,2012,https://www.imdb.com/title/tt1637725/?ref_=ref_ext_clz,DVD,Universal,"Mar 29, 2026"
"Ted 2",2015,https://www.imdb.com/title/tt2637276/?ref_=ref_ext_clz,DVD,Universal,"Mar 12, 2026"
"Ted 2",2015,https://www.imdb.com/title/tt2637276/?ref_=ref_ext_clz,DVD,Universal,"Mar 15, 2026"
Tenet,2020,https://www.imdb.com/title/tt6723592/?ref_=ref_ext_clz,DVD,"Warner Bros.","Mar 05, 2026"
"The Terminal",2004,https://www.imdb.com/title/tt0362227/?ref_=ref_ext_clz,DVD,"Paramount Pictures","Mar 16, 2026"
"Terminator Genisys",2015,https://www.imdb.com/title/tt1340138/?ref_=ref_ext_clz,DVD,"Paramount Pictures","Mar 29, 2026"
"Terminator Salvation",2009,https://www.imdb.com/title/tt0438488/?ref_=ref_ext_clz,Blu-ray,Sony,"Mar 29, 2026"
"Terminator: Dark Fate",2019,https://www.imdb.com/title/tt6450804/?ref_=ref_ext_clz,Blu-ray,"20th Century Fox","Mar 29, 2026"
"The Brat Pack",,,DVD,,"Mar 29, 2026"
"The Theory of Everything",2014,https://www.imdb.com/title/tt2980516/?ref_=ref_ext_clz,DVD,Universal,"Mar 29, 2026"
"There Will Be Blood",2007,https://www.imdb.com/title/tt0469494/?ref_=ref_ext_clz,DVD,,"Mar 29, 2026"
"The Thing / Vampires / Village Of The Damned",,,DVD,,"Mar 29, 2026"
"Tomorrow Never Dies",1997,https://www.imdb.com/title/tt0120347/?ref_=ref_ext_clz,DVD,,"Mar 15, 2026"
"Top Gear - Revved Up",2021,https://www.imdb.com/title/tt1628033/?ref_=ref_ext_clz,DVD,"2 Entertain Video","Mar 30, 2026"
"Top Gear: Apocalypse",2010,https://www.imdb.com/title/tt1800759/?ref_=ref_ext_clz,DVD,,"Mar 30, 2026"
"Top Gear: Best of Series One and Two",2021,https://www.imdb.com/title/tt1628033/?ref_=ref_ext_clz,DVD,"2 Entertain Video","Mar 30, 2026"
"Top Gear: Greatest Hits",2021,https://www.imdb.com/title/tt1628033/?ref_=ref_ext_clz,DVD,,"Mar 30, 2026"
"Top Gear: The Challenges: Volume 2",2003,https://www.imdb.com/title/tt1628033/?ref_=ref_ext_clz,DVD,,"Mar 30, 2026"
"Top Gear: The Challenges: Volume 3",2003,https://www.imdb.com/title/tt1628033/?ref_=ref_ext_clz,DVD,"2 Entertain Video","Mar 30, 2026"
"Top Gear: The Challenges: Volume 4",2004,https://www.imdb.com/title/tt1628033/?ref_=ref_ext_clz,DVD,,"Mar 30, 2026"
"Top Gear: The Challenges: Volume 5",2004,https://www.imdb.com/title/tt1628033/?ref_=ref_ext_clz,DVD,,"Mar 30, 2026"
"Top Gear: The Challenges: Volume 6",2005,https://www.imdb.com/title/tt1628033/?ref_=ref_ext_clz,DVD,"2 Entertain Video","Mar 30, 2026"
"Top Gear: The Great Adventures: US Special",2021,https://www.imdb.com/title/tt1628033/?ref_=ref_ext_clz,DVD,,"Mar 30, 2026"
"Top Gear: The Great Adventures: Volume 4",2021,https://www.imdb.com/title/tt1628033/?ref_=ref_ext_clz,DVD,,"Mar 30, 2026"
"Top Gear: The Great Adventures: Volume 4",2021,https://www.imdb.com/title/tt1628033/?ref_=ref_ext_clz,DVD,,"Mar 30, 2026"
"Top Gear: The Great Adventures: Volume 4",2021,https://www.imdb.com/title/tt1628033/?ref_=ref_ext_clz,DVD,,"Mar 30, 2026"
"Top Gear: The Great Adventures: Volume 4",2021,https://www.imdb.com/title/tt1628033/?ref_=ref_ext_clz,DVD,,"Mar 30, 2026"
"Top Gear: The Perfect Road Trip",2013,https://www.imdb.com/title/tt3258142/?ref_=ref_ext_clz,DVD,"BBC Warner","Mar 30, 2026"
"Top Gear: The Perfect Road Trip 2",2014,https://www.imdb.com/title/tt4217172/?ref_=ref_ext_clz,DVD,,"Mar 30, 2026"
"Top Gear: The Worst Car in the History of the World",2012,https://www.imdb.com/title/tt2540072/?ref_=ref_ext_clz,DVD,,"Mar 30, 2026"
"Top Gear: Uncovered",2009,https://www.imdb.com/title/tt1556943/?ref_=ref_ext_clz,DVD,,"Mar 30, 2026"
"Top Gear: Winter Olympics",2021,https://www.imdb.com/title/tt1628033/?ref_=ref_ext_clz,DVD,,"Mar 30, 2026"
"TopGear: At The Movies",2011,,DVD,,"Mar 30, 2026"
"Torchwood: Season 1",2007,https://www.imdb.com/title/tt0485301/?ref_=ref_ext_clz,DVD,"2 Entertain Video","Mar 15, 2026"
"Torchwood: Season 2",2008,https://www.imdb.com/title/tt0485301/?ref_=ref_ext_clz,DVD,"2 Entertain Video","Mar 15, 2026"
"Total Recall",2012,https://www.imdb.com/title/tt1386703/?ref_=ref_ext_clz,DVD,Sony,"Mar 29, 2026"
"The Town",2010,https://www.imdb.com/title/tt0840361/?ref_=ref_ext_clz,DVD,"Warner Bros.","Mar 29, 2026"
"Toy Story Collection",2010,,DVD,,"Mar 29, 2026"
"Training Day",2001,https://www.imdb.com/title/tt0139654/?ref_=ref_ext_clz,DVD,"Warner Bros.","Mar 29, 2026"
Traitor,2008,https://www.imdb.com/title/tt0988047/?ref_=ref_ext_clz,DVD,,"Mar 15, 2026"
Transformers,2007,https://www.imdb.com/title/tt0418279/?ref_=ref_ext_clz,DVD,"DreamWorks Home Entertainment","Mar 15, 2026"
Transformers,2007,https://www.imdb.com/title/tt0418279/?ref_=ref_ext_clz,DVD,"DreamWorks Home Entertainment","Mar 29, 2026"
"The Transporter / Broken Arrow / Point Blank",2002,,DVD,,"Mar 29, 2026"
"Transporter 3",2008,https://www.imdb.com/title/tt1129442/?ref_=ref_ext_clz,DVD,"Icon Film Distribution","Mar 29, 2026"
"Treasure Planet",2002,https://www.imdb.com/title/tt0133240/?ref_=ref_ext_clz,DVD,"Walt Disney","Mar 15, 2026"
"Trolls World Tour",2020,https://www.imdb.com/title/tt6587640/?ref_=ref_ext_clz,Blu-ray,,"Mar 29, 2026"
"Tron: Legacy",2010,https://www.imdb.com/title/tt1104001/?ref_=ref_ext_clz,DVD,"Walt Disney","Mar 05, 2026"
"Tropic Thunder",2008,https://www.imdb.com/title/tt0942385/?ref_=ref_ext_clz,DVD,"Paramount Pictures","Mar 29, 2026"
"True Blood",1989,https://www.imdb.com/title/tt0098525/?ref_=ref_ext_clz,DVD,,"Mar 10, 2026"
"True Blood: Season 1",2008,https://www.imdb.com/title/tt0844441/?ref_=ref_ext_clz,DVD,,"Mar 30, 2026"
"True Blood: Season 2",2009,https://www.imdb.com/title/tt0844441/?ref_=ref_ext_clz,DVD,,"Mar 05, 2026"
"True Blood: Season 3",2010,https://www.imdb.com/title/tt0844441/?ref_=ref_ext_clz,DVD,,"Mar 10, 2026"
"True Lies",1994,https://www.imdb.com/title/tt0111503/?ref_=ref_ext_clz,DVD,Universal,"Mar 29, 2026"
"True Romance",1993,https://www.imdb.com/title/tt0108399/?ref_=ref_ext_clz,DVD,"Warner Bros.","Mar 29, 2026"
"Turner & Hooch",1989,https://www.imdb.com/title/tt0098536/?ref_=ref_ext_clz,DVD,"Touchstone Home Video","Mar 29, 2026"
"Two Pints Of Lager And A Packet Of Crisps: Series 1 And 2",2001,https://www.imdb.com/title/tt0278251/?ref_=ref_ext_clz,DVD,"2 Entertain Video","Mar 16, 2026"
"Ugly Betty: Season 1",2006,https://www.imdb.com/title/tt0805669/?ref_=ref_ext_clz,DVD,,"Mar 29, 2026"
"The Ugly Truth",2009,https://www.imdb.com/title/tt1142988/?ref_=ref_ext_clz,DVD,Sony,"Mar 29, 2026"
"The Ultimate Matrix Collection",2003,,DVD,"Warner Bros.","Mar 29, 2026"
"Ultimate Top Gear",,,DVD,,"Mar 30, 2026"
"Underworld: Evolution",2006,https://www.imdb.com/title/tt0401855/?ref_=ref_ext_clz,DVD,"Entertainment In Video","Mar 29, 2026"
Untraceable,2008,https://www.imdb.com/title/tt0880578/?ref_=ref_ext_clz,DVD,Universal,"Mar 15, 2026"
"The Usual Suspects",1995,https://www.imdb.com/title/tt0114814/?ref_=ref_ext_clz,DVD,,"Mar 15, 2026"
"The Vampire Diaries: Season 1",2009,https://www.imdb.com/title/tt1405406/?ref_=ref_ext_clz,DVD,,"Mar 05, 2026"
"The Vampire Diaries: Season 1",2009,https://www.imdb.com/title/tt1405406/?ref_=ref_ext_clz,DVD,,"Mar 05, 2026"
"The Vampire Diaries: Season 1",2009,https://www.imdb.com/title/tt1405406/?ref_=ref_ext_clz,DVD,,"Mar 10, 2026"
"The Vampire Diaries: Season 2",2010,https://www.imdb.com/title/tt1405406/?ref_=ref_ext_clz,DVD,"Warner Bros.","Mar 05, 2026"
"The Vampire Diaries: Season 2",2010,https://www.imdb.com/title/tt1405406/?ref_=ref_ext_clz,DVD,"Warner Bros.","Mar 10, 2026"
"Van Wilder",2002,https://www.imdb.com/title/tt0283111/?ref_=ref_ext_clz,DVD,"Momentum Pictures","Mar 16, 2026"
"The Vicar Of Dibley: Series 1",1994,https://www.imdb.com/title/tt0108981/?ref_=ref_ext_clz,DVD,"BBC Video","Mar 12, 2026"
"Waking The Dead: Season 5",2005,https://www.imdb.com/title/tt0259733/?ref_=ref_ext_clz,DVD,"2 Entertain Video","Mar 10, 2026"
"Wallace & Gromit: The Curse of the Were-Rabbit",2005,https://www.imdb.com/title/tt0312004/?ref_=ref_ext_clz,DVD,Dreamworks,"Mar 15, 2026"
"The Warriors",1979,https://www.imdb.com/title/tt0080120/?ref_=ref_ext_clz,DVD,"Paramount Pictures","Mar 29, 2026"
Waterworld,1995,https://www.imdb.com/title/tt0114898/?ref_=ref_ext_clz,DVD,Universal,"Mar 29, 2026"
"We Bought a Zoo",2011,https://www.imdb.com/title/tt1389137/?ref_=ref_ext_clz,DVD,,"Mar 12, 2026"
"We're the Millers",2013,https://www.imdb.com/title/tt1723121/?ref_=ref_ext_clz,DVD,"Warner Bros.","Mar 12, 2026"
"Wedding Crashers",2005,https://www.imdb.com/title/tt0396269/?ref_=ref_ext_clz,DVD,"Entertainment In Video","Mar 16, 2026"
"The Wedding Singer",1998,https://www.imdb.com/title/tt0120888/?ref_=ref_ext_clz,DVD,"New Line Cinema","Mar 12, 2026"
"The West Wing: Season 1",2000,https://www.imdb.com/title/tt0200276/?ref_=ref_ext_clz,DVD,,"Mar 05, 2026"
"The West Wing: Season 1",2000,https://www.imdb.com/title/tt0200276/?ref_=ref_ext_clz,DVD,"Warner Bros.","Mar 10, 2026"
"The West Wing: Season 1-7",1999,https://www.imdb.com/title/tt0200276/?ref_=ref_ext_clz,DVD,"Warner Bros.","Mar 10, 2026"
"The West Wing: Season 4",2002,https://www.imdb.com/title/tt0200276/?ref_=ref_ext_clz,DVD,"Warner Bros.","Mar 10, 2026"
"The West Wing: Season 7",2006,https://www.imdb.com/title/tt0200276/?ref_=ref_ext_clz,DVD,,"Mar 10, 2026"
"What Happens in Vegas",2008,https://www.imdb.com/title/tt1033643/?ref_=ref_ext_clz,DVD,"20th Century Fox","Mar 29, 2026"
"What If",2013,https://www.imdb.com/title/tt1486834/?ref_=ref_ext_clz,DVD,,"Mar 12, 2026"
"What to Expect When You're Expecting",2012,https://www.imdb.com/title/tt1586265/?ref_=ref_ext_clz,DVD,,"Mar 30, 2026"
"Wild Child",2008,https://www.imdb.com/title/tt1024255/?ref_=ref_ext_clz,DVD,Universal,"Mar 16, 2026"
"Wild Hogs",2007,https://www.imdb.com/title/tt0486946/?ref_=ref_ext_clz,DVD,"Buena Vista Home Entertainment","Mar 15, 2026"
"Willy Wonka & the Chocolate Factory",1971,https://www.imdb.com/title/tt0067992/?ref_=ref_ext_clz,DVD,"Warner Bros.","Mar 29, 2026"
"The Woman in Black",2012,https://www.imdb.com/title/tt1596365/?ref_=ref_ext_clz,DVD,,"Mar 29, 2026"
"The Woman in Black",2012,https://www.imdb.com/title/tt1596365/?ref_=ref_ext_clz,DVD,,"Mar 29, 2026"
Wonderland,2003,https://www.imdb.com/title/tt0335563/?ref_=ref_ext_clz,DVD,,"Mar 29, 2026"
"A Wrinkle in Time",2018,https://www.imdb.com/title/tt1620680/?ref_=ref_ext_clz,DVD,"Walt Disney","Mar 29, 2026"
X-Men,2000,https://www.imdb.com/title/tt0120903/?ref_=ref_ext_clz,DVD,,"Mar 29, 2026"
X-Men,2000,https://www.imdb.com/title/tt0120903/?ref_=ref_ext_clz,DVD,"20th Century Fox","Mar 29, 2026"
"X-men / X-men 2 / X-men: The Last Stand",2009,,DVD,,"Mar 10, 2026"
"X-Men: First Class",2011,https://www.imdb.com/title/tt1270798/?ref_=ref_ext_clz,DVD,"Marvel Studios","Mar 29, 2026"
xXx,2002,https://www.imdb.com/title/tt0295701/?ref_=ref_ext_clz,DVD,Sony,"Mar 30, 2026"
"Yes Man",2008,https://www.imdb.com/title/tt1068680/?ref_=ref_ext_clz,DVD,"Warner Bros.","Mar 16, 2026"
"You Don't Mess with the Zohan",2008,https://www.imdb.com/title/tt0960144/?ref_=ref_ext_clz,DVD,Sony,"Mar 12, 2026"
Zombieland,2009,https://www.imdb.com/title/tt1156398/?ref_=ref_ext_clz,DVD,Sony,"Mar 12, 2026"
Zoolander,2001,https://www.imdb.com/title/tt0196229/?ref_=ref_ext_clz,DVD,"Paramount Pictures","Mar 15, 2026"
Zoolander,2001,https://www.imdb.com/title/tt0196229/?ref_=ref_ext_clz,DVD,"Paramount Pictures","Mar 16, 2026"
Zoolander,2001,https://www.imdb.com/title/tt0196229/?ref_=ref_ext_clz,DVD,"Paramount Pictures","Mar 29, 2026"
